date,demand_gwh,temp_c,holiday
2015-01-01,1116.81,9.26,1
2015-01-02,1257.05,10.71,0
2015-01-03,1181.13,11.23,0
2015-01-04,1180.73,10.03,0
2015-01-05,1255.23,8.15,0
2015-01-06,1279.72,9.61,0
2015-01-07,1298.47,8.13,0
2015-01-08,1288.52,6.94,0
2015-01-09,1310.78,3.25,0
2015-01-10,1175.47,5.16,0
2015-01-11,1140.29,4.86,0
2015-01-12,1255.74,5.13,0
2015-01-13,1282.37,6.38,0
2015-01-14,1263.71,8.72,0
2015-01-15,1275.02,8.07,0
2015-01-16,1299.4,9.45,0
2015-01-17,1194.29,8.91,0
2015-01-18,1144.18,12.97,0
2015-01-19,1250.53,11.42,0
2015-01-20,1262.99,12.28,0
2015-01-21,1260.91,9.46,0
2015-01-22,1264.67,6.19,0
2015-01-23,1272.23,7.19,0
2015-01-24,1165.03,8.94,0
2015-01-25,1195.93,6.32,0
2015-01-26,1280.71,6.67,0
2015-01-27,1253.04,10.15,0
2015-01-28,1257.19,11.96,0
2015-01-29,1253.7,9.88,0
2015-01-30,1243.15,12.48,0
2015-01-31,1157.53,9.8,0
2015-02-01,1143.69,9.69,0
2015-02-02,1248.7,11.7,0
2015-02-03,1271.21,8.58,0
2015-02-04,1255.48,12.04,0
2015-02-05,1273.27,9.89,0
2015-02-06,1274.02,7.13,0
2015-02-07,1135.27,9.77,0
2015-02-08,1154.37,9.46,0
2015-02-09,1257.25,7.96,0
2015-02-10,1253.6,9.13,0
2015-02-11,1240.82,10.07,0
2015-02-12,1258.0,8.93,0
2015-02-13,1256.78,10.98,0
2015-02-14,1163.21,7.13,0
2015-02-15,1164.38,7.68,0
2015-02-16,1293.63,4.88,0
2015-02-17,1298.72,6.65,0
2015-02-18,1269.24,10.45,0
2015-02-19,1300.18,8.92,0
2015-02-20,1284.23,8.26,0
2015-02-21,1149.21,8.59,0
2015-02-22,1145.08,9.24,0
2015-02-23,1255.8,6.97,0
2015-02-24,1251.1,9.74,0
2015-02-25,1281.14,11.03,0
2015-02-26,1272.39,12.64,0
2015-02-27,1255.5,13.04,0
2015-02-28,1139.06,13.89,0
2015-03-01,1103.7,14.68,0
2015-03-02,1247.53,10.65,0
2015-03-03,1287.38,9.31,0
2015-03-04,1252.28,9.46,0
2015-03-05,1267.54,11.52,0
2015-03-06,1269.93,10.72,0
2015-03-07,1147.16,11.99,0
2015-03-08,1165.71,10.23,0
2015-03-09,1245.78,11.48,0
2015-03-10,1257.8,11.38,0
2015-03-11,1253.59,13.75,0
2015-03-12,1276.4,13.98,0
2015-03-13,1279.28,13.2,0
2015-03-14,1138.38,15.81,0
2015-03-15,1130.14,12.13,0
2015-03-16,1206.95,12.45,0
2015-03-17,1250.16,10.11,0
2015-03-18,1270.16,8.6,0
2015-03-19,1288.75,8.69,0
2015-03-20,1274.78,10.38,0
2015-03-21,1133.97,12.53,0
2015-03-22,1131.74,11.5,0
2015-03-23,1247.34,10.01,0
2015-03-24,1251.41,9.98,0
2015-03-25,1210.89,15.1,0
2015-03-26,1204.91,16.57,0
2015-03-27,1199.16,15.52,0
2015-03-28,1115.88,12.96,0
2015-03-29,1117.75,14.85,0
2015-03-30,1232.77,14.4,0
2015-03-31,1230.56,13.65,0
2015-04-01,1232.51,14.51,0
2015-04-02,1237.28,14.31,0
2015-04-03,1232.49,14.74,0
2015-04-04,1127.88,16.04,0
2015-04-05,1103.04,17.84,0
2015-04-06,1240.85,20.26,0
2015-04-07,1251.34,19.47,0
2015-04-08,1234.42,16.18,0
2015-04-09,1228.0,15.99,0
2015-04-10,1239.23,15.52,0
2015-04-11,1103.53,19.75,0
2015-04-12,1104.07,17.9,0
2015-04-13,1220.54,18.84,0
2015-04-14,1229.48,18.74,0
2015-04-15,1219.0,19.62,0
2015-04-16,1203.38,16.66,0
2015-04-17,1215.47,17.92,0
2015-04-18,1111.66,17.34,0
2015-04-19,1085.1,17.77,0
2015-04-20,1203.11,17.26,0
2015-04-21,1222.25,17.83,0
2015-04-22,1218.45,20.9,0
2015-04-23,1234.75,22.44,0
2015-04-24,1250.75,24.14,0
2015-04-25,1104.75,20.53,0
2015-04-26,1115.83,21.67,0
2015-04-27,1232.1,22.24,0
2015-04-28,1241.69,20.93,0
2015-04-29,1234.06,21.46,0
2015-04-30,1226.34,20.79,0
2015-05-01,1102.05,19.3,1
2015-05-02,1109.39,19.73,0
2015-05-03,1092.81,19.6,0
2015-05-04,1209.45,21.2,0
2015-05-05,1248.02,21.74,0
2015-05-06,1265.0,22.12,0
2015-05-07,1270.12,22.79,0
2015-05-08,1262.9,21.68,0
2015-05-09,1109.64,21.26,0
2015-05-10,1100.99,18.89,0
2015-05-11,1241.62,19.63,0
2015-05-12,1249.3,21.92,0
2015-05-13,1245.19,20.67,0
2015-05-14,1250.88,21.96,0
2015-05-15,1218.4,20.13,0
2015-05-16,1129.2,21.33,0
2015-05-17,1128.1,20.58,0
2015-05-18,1216.63,20.47,0
2015-05-19,1252.03,21.59,0
2015-05-20,1239.34,22.63,0
2015-05-21,1258.53,25.26,0
2015-05-22,1247.82,23.36,0
2015-05-23,1138.11,24.42,0
2015-05-24,1126.92,21.4,0
2015-05-25,1203.83,19.64,0
2015-05-26,1256.47,22.13,0
2015-05-27,1254.68,22.15,0
2015-05-28,1242.58,22.56,0
2015-05-29,1238.6,23.35,0
2015-05-30,1120.76,23.76,0
2015-05-31,1160.09,26.04,0
2015-06-01,1249.95,27.17,0
2015-06-02,1273.46,27.34,0
2015-06-03,1257.52,26.39,0
2015-06-04,1253.78,26.98,0
2015-06-05,1239.68,24.23,0
2015-06-06,1153.17,26.74,0
2015-06-07,1169.31,26.62,0
2015-06-08,1253.64,24.17,0
2015-06-09,1292.07,28.19,0
2015-06-10,1289.52,28.62,0
2015-06-11,1304.31,30.24,0
2015-06-12,1311.72,29.47,0
2015-06-13,1207.92,28.54,0
2015-06-14,1195.37,28.04,0
2015-06-15,1288.57,29.46,0
2015-06-16,1288.58,27.43,0
2015-06-17,1258.34,25.95,0
2015-06-18,1244.53,26.55,0
2015-06-19,1254.94,28.09,0
2015-06-20,1135.09,26.34,0
2015-06-21,1139.26,26.29,0
2015-06-22,1266.69,27.09,0
2015-06-23,1301.94,28.23,0
2015-06-24,1309.23,28.28,0
2015-06-25,1297.97,28.1,0
2015-06-26,1302.46,30.72,0
2015-06-27,1189.9,27.98,0
2015-06-28,1183.55,26.57,0
2015-06-29,1262.11,25.41,0
2015-06-30,1243.85,24.72,0
2015-07-01,1258.44,24.61,0
2015-07-02,1286.1,26.0,0
2015-07-03,1282.08,26.9,0
2015-07-04,1209.57,28.08,0
2015-07-05,1186.17,26.86,0
2015-07-06,1271.24,28.14,0
2015-07-07,1293.5,27.82,0
2015-07-08,1276.47,27.4,0
2015-07-09,1302.29,29.69,0
2015-07-10,1309.99,28.2,0
2015-07-11,1172.3,27.07,0
2015-07-12,1164.2,25.27,0
2015-07-13,1237.64,24.96,0
2015-07-14,1248.02,23.5,0
2015-07-15,1296.4,24.48,0
2015-07-16,1308.23,25.36,0
2015-07-17,1292.62,26.74,0
2015-07-18,1148.14,26.28,0
2015-07-19,1149.75,25.72,0
2015-07-20,1249.48,27.53,0
2015-07-21,1279.85,27.55,0
2015-07-22,1267.34,26.74,0
2015-07-23,1262.04,25.52,0
2015-07-24,1273.81,28.17,0
2015-07-25,1157.15,28.12,0
2015-07-26,1169.35,29.25,0
2015-07-27,1257.9,25.8,0
2015-07-28,1255.5,26.51,0
2015-07-29,1280.93,25.97,0
2015-07-30,1300.12,23.8,0
2015-07-31,1277.07,22.55,0
2015-08-01,1149.77,24.56,0
2015-08-02,1099.38,23.23,0
2015-08-03,1237.47,27.33,0
2015-08-04,1294.7,30.09,0
2015-08-05,1274.53,27.27,0
2015-08-06,1242.53,26.06,0
2015-08-07,1243.86,24.49,0
2015-08-08,1128.73,23.42,0
2015-08-09,1131.91,24.13,0
2015-08-10,1230.43,23.35,0
2015-08-11,1255.0,21.92,0
2015-08-12,1245.91,21.72,0
2015-08-13,1225.1,20.97,0
2015-08-14,1248.72,26.25,0
2015-08-15,1136.64,27.78,0
2015-08-16,1181.69,28.24,0
2015-08-17,1245.69,23.56,0
2015-08-18,1271.09,23.12,0
2015-08-19,1286.9,24.92,0
2015-08-20,1280.81,26.45,0
2015-08-21,1264.42,26.14,0
2015-08-22,1145.56,26.78,0
2015-08-23,1139.13,25.46,0
2015-08-24,1233.23,26.54,0
2015-08-25,1251.92,25.67,0
2015-08-26,1250.06,23.62,0
2015-08-27,1291.78,26.29,0
2015-08-28,1288.67,26.05,0
2015-08-29,1174.04,26.09,0
2015-08-30,1155.85,23.8,0
2015-08-31,1274.56,27.63,0
2015-09-01,1260.12,26.61,0
2015-09-02,1258.3,26.0,0
2015-09-03,1225.61,25.71,0
2015-09-04,1244.76,23.6,0
2015-09-05,1189.77,24.04,0
2015-09-06,1174.53,23.22,0
2015-09-07,1246.69,22.9,0
2015-09-08,1267.43,24.4,0
2015-09-09,1262.99,24.07,0
2015-09-10,1254.5,21.91,0
2015-09-11,1241.21,19.43,0
2015-09-12,1160.08,22.66,0
2015-09-13,1142.15,22.31,0
2015-09-14,1244.93,23.53,0
2015-09-15,1269.11,23.78,0
2015-09-16,1247.51,22.32,0
2015-09-17,1230.15,22.15,0
2015-09-18,1201.61,18.94,0
2015-09-19,1145.48,21.59,0
2015-09-20,1141.2,20.22,0
2015-09-21,1230.58,18.6,0
2015-09-22,1232.82,20.09,0
2015-09-23,1222.18,18.73,0
2015-09-24,1228.48,19.44,0
2015-09-25,1232.04,21.11,0
2015-09-26,1113.15,19.53,0
2015-09-27,1119.75,19.48,0
2015-09-28,1223.23,23.07,0
2015-09-29,1251.91,23.14,0
2015-09-30,1252.61,23.16,0
2015-10-01,1231.86,20.96,0
2015-10-02,1204.1,19.98,0
2015-10-03,1078.54,18.77,0
2015-10-04,1115.92,19.99,0
2015-10-05,1233.78,19.61,0
2015-10-06,1238.01,18.23,0
2015-10-07,1251.03,14.96,0
2015-10-08,1228.66,17.94,0
2015-10-09,1256.03,19.33,0
2015-10-10,1139.75,18.84,0
2015-10-11,1126.69,19.45,0
2015-10-12,1198.63,20.71,0
2015-10-13,1252.46,22.63,0
2015-10-14,1233.8,20.5,0
2015-10-15,1245.56,21.79,0
2015-10-16,1248.46,21.35,0
2015-10-17,1129.66,19.34,0
2015-10-18,1103.07,19.5,0
2015-10-19,1209.79,18.52,0
2015-10-20,1229.96,17.71,0
2015-10-21,1229.62,16.69,0
2015-10-22,1261.49,12.65,0
2015-10-23,1243.31,13.69,0
2015-10-24,1116.35,15.63,0
2015-10-25,1129.73,17.62,0
2015-10-26,1236.23,16.5,0
2015-10-27,1251.12,16.16,0
2015-10-28,1260.88,15.19,0
2015-10-29,1257.26,14.92,0
2015-10-30,1222.67,15.89,0
2015-10-31,1130.16,16.1,0
2015-11-01,1137.01,14.94,0
2015-11-02,1234.42,13.51,0
2015-11-03,1244.9,15.48,0
2015-11-04,1227.59,16.57,0
2015-11-05,1226.59,12.86,0
2015-11-06,1259.49,12.39,0
2015-11-07,1156.56,14.78,0
2015-11-08,1129.16,18.51,0
2015-11-09,1213.01,16.36,0
2015-11-10,1238.74,17.21,0
2015-11-11,1240.74,15.66,0
2015-11-12,1239.25,15.08,0
2015-11-13,1238.29,14.68,0
2015-11-14,1161.44,13.52,0
2015-11-15,1167.09,12.39,0
2015-11-16,1262.04,13.27,0
2015-11-17,1279.17,14.23,0
2015-11-18,1262.28,15.38,0
2015-11-19,1242.92,16.57,0
2015-11-20,1295.17,15.5,0
2015-11-21,1148.1,13.24,0
2015-11-22,1135.96,13.92,0
2015-11-23,1222.03,13.93,0
2015-11-24,1243.75,13.02,0
2015-11-25,1289.14,12.94,0
2015-11-26,1318.16,9.62,0
2015-11-27,1297.77,10.98,0
2015-11-28,1184.2,8.51,0
2015-11-29,1185.18,9.32,0
2015-11-30,1295.77,7.53,0
2015-12-01,1321.79,6.78,0
2015-12-02,1316.33,4.94,0
2015-12-03,1263.47,8.17,0
2015-12-04,1263.82,9.26,0
2015-12-05,1146.82,12.27,0
2015-12-06,1179.96,10.54,0
2015-12-07,1282.12,11.7,0
2015-12-08,1283.57,9.54,0
2015-12-09,1326.5,6.11,0
2015-12-10,1297.4,9.4,0
2015-12-11,1302.96,9.08,0
2015-12-12,1196.04,10.25,0
2015-12-13,1175.53,13.84,0
2015-12-14,1294.91,12.73,0
2015-12-15,1287.69,14.29,0
2015-12-16,1272.04,13.87,0
2015-12-17,1262.46,11.1,0
2015-12-18,1241.97,13.83,0
2015-12-19,1158.6,12.32,0
2015-12-20,1177.18,11.55,0
2015-12-21,1286.23,9.65,0
2015-12-22,1302.31,11.32,0
2015-12-23,1315.9,10.36,0
2015-12-24,1194.17,5.37,1
2015-12-25,1185.93,7.35,1
2015-12-26,1063.1,7.89,1
2015-12-27,1207.86,8.14,0
2015-12-28,1300.35,8.29,0
2015-12-29,1300.39,6.49,0
2015-12-30,1307.81,7.04,0
2015-12-31,1200.69,5.97,1
2016-01-01,1179.55,6.22,1
2016-01-02,1214.97,7.55,0
2016-01-03,1199.32,9.27,0
2016-01-04,1301.41,9.39,0
2016-01-05,1303.7,10.53,0
2016-01-06,1286.08,11.25,0
2016-01-07,1323.77,7.4,0
2016-01-08,1327.84,9.21,0
2016-01-09,1215.91,8.67,0
2016-01-10,1175.43,10.24,0
2016-01-11,1249.31,11.49,0
2016-01-12,1259.07,12.97,0
2016-01-13,1287.44,12.75,0
2016-01-14,1311.23,11.36,0
2016-01-15,1330.97,11.48,0
2016-01-16,1217.3,11.44,0
2016-01-17,1202.13,10.77,0
2016-01-18,1272.53,11.25,0
2016-01-19,1298.15,11.78,0
2016-01-20,1296.54,12.29,0
2016-01-21,1268.58,14.59,0
2016-01-22,1292.81,12.71,0
2016-01-23,1155.81,13.81,0
2016-01-24,1148.59,13.08,0
2016-01-25,1238.64,13.68,0
2016-01-26,1246.58,15.48,0
2016-01-27,1255.41,18.58,0
2016-01-28,1256.06,14.57,0
2016-01-29,1269.33,11.7,0
2016-01-30,1160.01,13.4,0
2016-01-31,1183.91,13.81,0
2016-02-01,1282.3,13.29,0
2016-02-02,1303.16,12.66,0
2016-02-03,1313.67,10.74,0
2016-02-04,1341.04,9.56,0
2016-02-05,1346.74,7.9,0
2016-02-06,1222.27,9.65,0
2016-02-07,1214.71,8.74,0
2016-02-08,1295.44,10.52,0
2016-02-09,1305.18,11.67,0
2016-02-10,1306.49,9.11,0
2016-02-11,1299.03,10.15,0
2016-02-12,1680.1,11.48,0
2016-02-13,1176.9,11.37,0
2016-02-14,1178.41,10.86,0
2016-02-15,1284.48,8.18,0
2016-02-16,1296.25,9.01,0
2016-02-17,1338.75,7.07,0
2016-02-18,1376.25,6.97,0
2016-02-19,1336.99,6.74,0
2016-02-20,1224.78,7.12,0
2016-02-21,1236.15,8.3,0
2016-02-22,1301.54,7.25,0
2016-02-23,1283.21,9.43,0
2016-02-24,1276.36,9.72,0
2016-02-25,1281.27,11.08,0
2016-02-26,1298.25,9.4,0
2016-02-27,1195.66,9.11,0
2016-02-28,1185.62,9.59,0
2016-02-29,1267.47,11.88,0
2016-03-01,1276.58,12.3,0
2016-03-02,1259.77,13.62,0
2016-03-03,1258.74,12.92,0
2016-03-04,1261.47,14.57,0
2016-03-05,1159.53,14.69,0
2016-03-06,1135.29,16.84,0
2016-03-07,1236.15,18.35,0
2016-03-08,1234.34,17.92,0
2016-03-09,1259.25,18.8,0
2016-03-10,1253.77,16.43,0
2016-03-11,1262.83,20.22,0
2016-03-12,1159.97,18.13,0
2016-03-13,1178.23,14.45,0
2016-03-14,1259.61,14.82,0
2016-03-15,1257.65,16.01,0
2016-03-16,1252.44,16.2,0
2016-03-17,1269.03,16.31,0
2016-03-18,1257.0,13.51,0
2016-03-19,1164.82,14.05,0
2016-03-20,1214.64,11.12,0
2016-03-21,1273.25,10.42,0
2016-03-22,1275.01,9.82,0
2016-03-23,1297.75,9.78,0
2016-03-24,1273.54,10.14,0
2016-03-25,1261.91,14.51,0
2016-03-26,1159.92,15.47,0
2016-03-27,1154.92,18.31,0
2016-03-28,1290.92,15.29,0
2016-03-29,1281.88,16.36,0
2016-03-30,1290.68,15.58,0
2016-03-31,1315.24,13.9,0
2016-04-01,1277.73,19.67,0
2016-04-02,1178.99,19.68,0
2016-04-03,1151.52,17.73,0
2016-04-04,1286.91,13.65,0
2016-04-05,1272.66,15.37,0
2016-04-06,1248.13,18.25,0
2016-04-07,1283.52,16.03,0
2016-04-08,1246.11,16.13,0
2016-04-09,1176.27,13.91,0
2016-04-10,1177.74,13.38,0
2016-04-11,1259.26,13.21,0
2016-04-12,1252.5,15.22,0
2016-04-13,1258.61,18.19,0
2016-04-14,1276.6,15.2,0
2016-04-15,1291.08,16.01,0
2016-04-16,1172.6,16.56,0
2016-04-17,1186.07,14.44,0
2016-04-18,1268.19,14.63,0
2016-04-19,1247.66,19.2,0
2016-04-20,1275.74,21.53,0
2016-04-21,1272.34,22.37,0
2016-04-22,1264.35,20.31,0
2016-04-23,1169.71,19.89,0
2016-04-24,1175.83,22.57,0
2016-04-25,1272.32,22.01,0
2016-04-26,1265.72,19.61,0
2016-04-27,1290.33,23.5,0
2016-04-28,1291.14,23.74,0
2016-04-29,1281.63,21.3,0
2016-04-30,1165.63,21.2,0
2016-05-01,1044.06,23.8,1
2016-05-02,1290.18,24.37,0
2016-05-03,1328.17,25.75,0
2016-05-04,1345.5,27.53,0
2016-05-05,1323.46,25.77,0
2016-05-06,1336.0,23.52,0
2016-05-07,1187.88,22.6,0
2016-05-08,1183.35,20.89,0
2016-05-09,1261.49,18.41,0
2016-05-10,1259.01,18.13,0
2016-05-11,1264.89,19.48,0
2016-05-12,1288.78,20.66,0
2016-05-13,1293.05,22.63,0
2016-05-14,1153.9,20.19,0
2016-05-15,1154.1,19.72,0
2016-05-16,1257.35,21.8,0
2016-05-17,1279.73,23.42,0
2016-05-18,1296.33,23.21,0
2016-05-19,1284.03,22.46,0
2016-05-20,1274.98,22.51,0
2016-05-21,1182.19,23.15,0
2016-05-22,1219.84,27.26,0
2016-05-23,1311.18,27.42,0
2016-05-24,1343.84,29.19,0
2016-05-25,1322.14,28.11,0
2016-05-26,1341.69,28.09,0
2016-05-27,1344.9,30.77,0
2016-05-28,1227.24,28.13,0
2016-05-29,1200.99,26.3,0
2016-05-30,1298.88,25.3,0
2016-05-31,1310.67,25.15,0
2016-06-01,1306.45,23.46,0
2016-06-02,1295.1,21.83,0
2016-06-03,1300.66,22.44,0
2016-06-04,1190.9,22.67,0
2016-06-05,1203.67,26.56,0
2016-06-06,1300.72,26.35,0
2016-06-07,1323.49,27.23,0
2016-06-08,1309.94,28.95,0
2016-06-09,1269.43,25.44,0
2016-06-10,1286.11,24.88,0
2016-06-11,1160.29,24.86,0
2016-06-12,1165.86,23.22,0
2016-06-13,1245.95,20.58,0
2016-06-14,1304.6,24.09,0
2016-06-15,1309.45,25.32,0
2016-06-16,1307.03,24.03,0
2016-06-17,1307.23,23.98,0
2016-06-18,1208.58,25.14,0
2016-06-19,1247.44,27.16,0
2016-06-20,1344.68,28.17,0
2016-06-21,1324.72,25.82,0
2016-06-22,1308.52,25.96,0
2016-06-23,1286.29,24.43,0
2016-06-24,1276.21,22.83,0
2016-06-25,1168.34,22.6,0
2016-06-26,1155.79,22.82,0
2016-06-27,1240.39,22.36,0
2016-06-28,1268.94,22.22,0
2016-06-29,1326.06,25.1,0
2016-06-30,1315.13,26.1,0
2016-07-01,1294.37,21.85,0
2016-07-02,1216.67,26.19,0
2016-07-03,1210.01,25.12,0
2016-07-04,1265.55,25.2,0
2016-07-05,1288.12,23.75,0
2016-07-06,1303.54,27.06,0
2016-07-07,1290.95,23.43,0
2016-07-08,1288.44,25.66,0
2016-07-09,1188.77,25.04,0
2016-07-10,1228.8,27.23,0
2016-07-11,1331.02,26.4,0
2016-07-12,1325.85,27.9,0
2016-07-13,1324.8,28.97,0
2016-07-14,1332.87,28.87,0
2016-07-15,1340.13,25.66,0
2016-07-16,1219.23,25.09,0
2016-07-17,1204.49,24.83,0
2016-07-18,1295.3,24.56,0
2016-07-19,1327.16,29.12,0
2016-07-20,1324.9,28.83,0
2016-07-21,1305.38,26.93,0
2016-07-22,1317.28,28.07,0
2016-07-23,1204.78,28.23,0
2016-07-24,1216.88,28.84,0
2016-07-25,1300.54,27.48,0
2016-07-26,1332.62,25.84,0
2016-07-27,1347.05,24.43,0
2016-07-28,1338.5,26.46,0
2016-07-29,1310.89,25.33,0
2016-07-30,1206.24,24.36,0
2016-07-31,1218.95,24.19,0
2016-08-01,1311.01,26.86,0
2016-08-02,1329.64,25.87,0
2016-08-03,1324.16,23.77,0
2016-08-04,1321.43,24.59,0
2016-08-05,1336.78,26.1,0
2016-08-06,1261.48,29.64,0
2016-08-07,1275.85,32.27,0
2016-08-08,1367.05,31.04,0
2016-08-09,1360.32,29.13,0
2016-08-10,1349.32,27.96,0
2016-08-11,1335.13,26.05,0
2016-08-12,1371.08,28.67,0
2016-08-13,1217.0,26.14,0
2016-08-14,1209.08,24.16,0
2016-08-15,1306.57,23.83,0
2016-08-16,1329.24,23.56,0
2016-08-17,1310.83,24.09,0
2016-08-18,1333.6,26.48,0
2016-08-19,1340.51,26.34,0
2016-08-20,1221.97,26.1,0
2016-08-21,1230.71,26.92,0
2016-08-22,1348.07,28.13,0
2016-08-23,1355.14,25.63,0
2016-08-24,1367.81,26.2,0
2016-08-25,1344.58,29.08,0
2016-08-26,1351.69,28.91,0
2016-08-27,1285.07,31.72,0
2016-08-28,1232.21,27.16,0
2016-08-29,1324.53,25.98,0
2016-08-30,1352.4,26.86,0
2016-08-31,1353.89,29.52,0
2016-09-01,1329.19,26.72,0
2016-09-02,1319.38,26.17,0
2016-09-03,1205.39,22.0,0
2016-09-04,1184.04,20.99,0
2016-09-05,1296.31,24.03,0
2016-09-06,1289.39,22.43,0
2016-09-07,1292.37,22.34,0
2016-09-08,1292.8,20.86,0
2016-09-09,1305.39,23.32,0
2016-09-10,1203.1,23.96,0
2016-09-11,1168.83,21.51,0
2016-09-12,1281.82,21.94,0
2016-09-13,1287.45,23.43,0
2016-09-14,1308.18,24.79,0
2016-09-15,1296.31,21.77,0
2016-09-16,1302.34,22.99,0
2016-09-17,1198.67,23.63,0
2016-09-18,1206.64,23.45,0
2016-09-19,1297.86,21.65,0
2016-09-20,1313.27,23.1,0
2016-09-21,1331.02,24.65,0
2016-09-22,1309.27,23.11,0
2016-09-23,1293.17,22.01,0
2016-09-24,1178.48,19.09,0
2016-09-25,1193.61,19.56,0
2016-09-26,1267.26,20.93,0
2016-09-27,1269.29,18.74,0
2016-09-28,1278.31,18.5,0
2016-09-29,1284.76,17.77,0
2016-09-30,1272.41,18.29,0
2016-10-01,1172.08,18.94,0
2016-10-02,1163.36,17.88,0
2016-10-03,1283.4,17.74,0
2016-10-04,1268.18,18.02,0
2016-10-05,1307.29,19.82,0
2016-10-06,1263.62,20.64,0
2016-10-07,1274.2,16.39,0
2016-10-08,1183.87,15.07,0
2016-10-09,1173.83,16.22,0
2016-10-10,1268.78,19.49,0
2016-10-11,1284.69,16.2,0
2016-10-12,1281.19,18.93,0
2016-10-13,1310.04,20.1,0
2016-10-14,1293.26,18.39,0
2016-10-15,1209.41,15.54,0
2016-10-16,1170.35,18.03,0
2016-10-17,1272.21,14.91,0
2016-10-18,1270.64,16.37,0
2016-10-19,1279.85,16.4,0
2016-10-20,1289.89,15.32,0
2016-10-21,1257.11,18.06,0
2016-10-22,1180.4,20.01,0
2016-10-23,1158.42,20.89,0
2016-10-24,1253.93,19.34,0
2016-10-25,1289.62,20.51,0
2016-10-26,1277.17,18.06,0
2016-10-27,1271.42,15.98,0
2016-10-28,1274.13,16.28,0
2016-10-29,1202.8,12.21,0
2016-10-30,1201.97,13.3,0
2016-10-31,1313.31,14.14,0
2016-11-01,1286.69,18.59,0
2016-11-02,1291.77,17.7,0
2016-11-03,1296.01,14.71,0
2016-11-04,1277.72,16.21,0
2016-11-05,1175.12,16.3,0
2016-11-06,1192.98,16.17,0
2016-11-07,1261.94,15.06,0
2016-11-08,1318.42,12.97,0
2016-11-09,1282.66,14.97,0
2016-11-10,1293.85,15.2,0
2016-11-11,1288.43,12.32,0
2016-11-12,1209.14,12.14,0
2016-11-13,1212.86,11.47,0
2016-11-14,1315.25,12.57,0
2016-11-15,1316.21,15.65,0
2016-11-16,1339.44,14.62,0
2016-11-17,1292.39,15.2,0
2016-11-18,1275.4,15.65,0
2016-11-19,1180.76,14.39,0
2016-11-20,1206.27,14.69,0
2016-11-21,1306.8,16.77,0
2016-11-22,1337.95,13.64,0
2016-11-23,1307.82,13.64,0
2016-11-24,1314.67,14.64,0
2016-11-25,1316.54,13.36,0
2016-11-26,1199.23,12.15,0
2016-11-27,1204.52,10.89,0
2016-11-28,1349.66,9.67,0
2016-11-29,1352.46,12.64,0
2016-11-30,1317.99,13.42,0
2016-12-01,1339.2,14.17,0
2016-12-02,1354.77,11.4,0
2016-12-03,1243.2,11.05,0
2016-12-04,1223.06,9.33,0
2016-12-05,1302.36,8.99,0
2016-12-06,1355.43,8.9,0
2016-12-07,1334.85,10.54,0
2016-12-08,1338.66,9.35,0
2016-12-09,1328.04,10.86,0
2016-12-10,1210.0,10.5,0
2016-12-11,1199.8,11.56,0
2016-12-12,1323.2,10.65,0
2016-12-13,1305.89,12.09,0
2016-12-14,1322.04,12.95,0
2016-12-15,1335.46,10.86,0
2016-12-16,1346.1,9.72,0
2016-12-17,1226.6,9.37,0
2016-12-18,1217.68,11.26,0
2016-12-19,1311.87,11.88,0
2016-12-20,1328.98,12.56,0
2016-12-21,1305.58,13.05,0
2016-12-22,1320.58,13.45,0
2016-12-23,1334.15,10.23,0
2016-12-24,1092.04,8.48,1
2016-12-25,1107.71,5.59,1
2016-12-26,1205.96,7.33,1
2016-12-27,1372.52,5.66,0
2016-12-28,1351.35,7.47,0
2016-12-29,1377.67,4.88,0
2016-12-30,1360.49,3.63,0
2016-12-31,1138.44,3.84,1
2017-01-01,1152.25,2.82,1
2017-01-02,1347.34,6.56,0
2017-01-03,1369.56,6.96,0
2017-01-04,1380.1,7.13,0
2017-01-05,1395.63,6.39,0
2017-01-06,1356.41,8.87,0
2017-01-07,1253.35,7.99,0
2017-01-08,1249.49,9.8,0
2017-01-09,1341.58,7.52,0
2017-01-10,1341.89,7.73,0
2017-01-11,1353.63,7.62,0
2017-01-12,1346.83,8.98,0
2017-01-13,1345.85,10.53,0
2017-01-14,1240.63,8.73,0
2017-01-15,1232.51,8.22,0
2017-01-16,1319.15,9.08,0
2017-01-17,1329.51,10.49,0
2017-01-18,1321.37,11.08,0
2017-01-19,1382.16,7.3,0
2017-01-20,1365.24,8.11,0
2017-01-21,1261.61,8.32,0
2017-01-22,1242.95,11.43,0
2017-01-23,1305.35,11.38,0
2017-01-24,1328.83,12.04,0
2017-01-25,1344.56,10.86,0
2017-01-26,1341.78,9.43,0
2017-01-27,1351.36,9.87,0
2017-01-28,1223.92,11.73,0
2017-01-29,1197.06,14.53,0
2017-01-30,1308.91,13.6,0
2017-01-31,1360.74,11.06,0
2017-02-01,1386.08,8.38,0
2017-02-02,1323.94,11.23,0
2017-02-03,1354.62,8.33,0
2017-02-04,1247.99,8.13,0
2017-02-05,1249.35,7.63,0
2017-02-06,1348.66,7.0,0
2017-02-07,1360.9,8.07,0
2017-02-08,1361.41,10.19,0
2017-02-09,1329.18,10.34,0
2017-02-10,1333.39,8.52,0
2017-02-11,1249.66,6.72,0
2017-02-12,1236.92,9.51,0
2017-02-13,1361.74,8.41,0
2017-02-14,1341.95,8.23,0
2017-02-15,1355.98,9.56,0
2017-02-16,1367.22,9.98,0
2017-02-17,1335.82,11.96,0
2017-02-18,1238.07,12.21,0
2017-02-19,1207.26,13.51,0
2017-02-20,1309.58,11.69,0
2017-02-21,1344.23,10.73,0
2017-02-22,1344.2,10.62,0
2017-02-23,1336.03,9.2,0
2017-02-24,1340.48,7.71,0
2017-02-25,1228.17,7.56,0
2017-02-26,1226.22,8.31,0
2017-02-27,1323.56,8.61,0
2017-02-28,1335.01,10.46,0
2017-03-01,1346.16,11.36,0
2017-03-02,1351.53,13.04,0
2017-03-03,1368.29,11.22,0
2017-03-04,1222.71,10.92,0
2017-03-05,1281.56,7.5,0
2017-03-06,1369.02,7.37,0
2017-03-07,1366.53,8.66,0
2017-03-08,1348.85,9.93,0
2017-03-09,1377.85,6.87,0
2017-03-10,1371.79,9.5,0
2017-03-11,1223.54,11.26,0
2017-03-12,1198.75,12.25,0
2017-03-13,1295.56,11.57,0
2017-03-14,1299.83,13.56,0
2017-03-15,1336.47,14.21,0
2017-03-16,1338.01,16.0,0
2017-03-17,1321.02,16.56,0
2017-03-18,1212.62,16.74,0
2017-03-19,1187.23,16.47,0
2017-03-20,1296.11,16.93,0
2017-03-21,1321.32,19.07,0
2017-03-22,1307.68,15.85,0
2017-03-23,1313.99,15.04,0
2017-03-24,1302.67,16.53,0
2017-03-25,1196.98,16.54,0
2017-03-26,1219.58,11.67,0
2017-03-27,1312.14,11.16,0
2017-03-28,1307.89,12.69,0
2017-03-29,1289.27,14.75,0
2017-03-30,1271.6,17.43,0
2017-03-31,1288.73,16.73,0
2017-04-01,1184.98,17.6,0
2017-04-02,1218.63,15.33,0
2017-04-03,1296.21,16.29,0
2017-04-04,1307.64,18.42,0
2017-04-05,1309.92,16.24,0
2017-04-06,1301.11,16.26,0
2017-04-07,1293.95,16.49,0
2017-04-08,1201.49,15.03,0
2017-04-09,1200.05,14.02,0
2017-04-10,1278.35,15.93,0
2017-04-11,1296.49,18.72,0
2017-04-12,1314.42,20.63,0
2017-04-13,1310.09,20.43,0
2017-04-14,1317.68,17.47,0
2017-04-15,1219.78,16.87,0
2017-04-16,1225.33,14.85,0
2017-04-17,1310.05,14.57,0
2017-04-18,1311.31,14.9,0
2017-04-19,1296.13,18.34,0
2017-04-20,1332.83,16.6,0
2017-04-21,1331.85,16.82,0
2017-04-22,1210.47,18.44,0
2017-04-23,1216.23,19.86,0
2017-04-24,1337.34,18.15,0
2017-04-25,1336.44,17.51,0
2017-04-26,1298.24,17.47,0
2017-04-27,1320.83,19.37,0
2017-04-28,1334.14,20.98,0
2017-04-29,1214.22,21.09,0
2017-04-30,1192.58,18.49,0
2017-05-01,1173.1,21.17,1
2017-05-02,1335.54,22.42,0
2017-05-03,1326.21,22.71,0
2017-05-04,1309.61,21.5,0
2017-05-05,1298.45,20.16,0
2017-05-06,1202.92,22.58,0
2017-05-07,1213.81,24.03,0
2017-05-08,1327.91,24.2,0
2017-05-09,1346.46,23.35,0
2017-05-10,1322.99,20.99,0
2017-05-11,1345.71,21.57,0
2017-05-12,1341.16,21.46,0
2017-05-13,1210.85,22.67,0
2017-05-14,1204.45,22.2,0
2017-05-15,1327.67,23.23,0
2017-05-16,1345.4,22.12,0
2017-05-17,1316.83,20.79,0
2017-05-18,1307.7,19.95,0
2017-05-19,1332.86,20.73,0
2017-05-20,1217.72,21.72,0
2017-05-21,1201.1,22.47,0
2017-05-22,1290.76,21.19,0
2017-05-23,1313.92,21.7,0
2017-05-24,1310.33,19.95,0
2017-05-25,1669.23,19.61,0
2017-05-26,1314.14,22.75,0
2017-05-27,1219.8,25.53,0
2017-05-28,1229.69,23.81,0
2017-05-29,1338.52,25.47,0
2017-05-30,1361.47,24.72,0
2017-05-31,1355.76,23.28,0
2017-06-01,1315.63,21.71,0
2017-06-02,1315.51,20.55,0
2017-06-03,1220.95,25.14,0
2017-06-04,1203.23,21.98,0
2017-06-05,1323.48,24.23,0
2017-06-06,1327.21,22.48,0
2017-06-07,1300.66,21.91,0
2017-06-08,1327.76,23.77,0
2017-06-09,1333.78,25.17,0
2017-06-10,1220.57,26.27,0
2017-06-11,1195.7,27.17,0
2017-06-12,1315.79,28.71,0
2017-06-13,1347.31,27.74,0
2017-06-14,1345.11,30.42,0
2017-06-15,1373.65,29.57,0
2017-06-16,1355.58,27.53,0
2017-06-17,1212.0,24.53,0
2017-06-18,1221.58,23.81,0
2017-06-19,1304.98,24.06,0
2017-06-20,1349.81,24.34,0
2017-06-21,1363.24,25.08,0
2017-06-22,1375.4,28.15,0
2017-06-23,1376.36,27.79,0
2017-06-24,1279.9,27.63,0
2017-06-25,1268.92,26.63,0
2017-06-26,1342.73,26.17,0
2017-06-27,1343.76,26.13,0
2017-06-28,1311.27,23.28,0
2017-06-29,1347.46,23.3,0
2017-06-30,1366.58,23.69,0
2017-07-01,1261.18,25.14,0
2017-07-02,1263.07,26.24,0
2017-07-03,1381.6,27.05,0
2017-07-04,1395.95,29.57,0
2017-07-05,1394.99,29.67,0
2017-07-06,1360.97,28.29,0
2017-07-07,1386.13,29.22,0
2017-07-08,1265.97,30.06,0
2017-07-09,1241.38,28.07,0
2017-07-10,1335.99,25.65,0
2017-07-11,1358.21,28.57,0
2017-07-12,1352.92,29.02,0
2017-07-13,1342.11,28.21,0
2017-07-14,1375.62,28.78,0
2017-07-15,1249.93,28.99,0
2017-07-16,1261.36,29.44,0
2017-07-17,1354.67,29.13,0
2017-07-18,1357.86,28.65,0
2017-07-19,1346.42,27.26,0
2017-07-20,1379.4,26.52,0
2017-07-21,1403.92,29.03,0
2017-07-22,1280.87,30.01,0
2017-07-23,1299.59,30.61,0
2017-07-24,1372.37,28.85,0
2017-07-25,1376.31,30.71,0
2017-07-26,1368.17,30.82,0
2017-07-27,1367.01,29.5,0
2017-07-28,1378.41,29.72,0
2017-07-29,1275.88,30.61,0
2017-07-30,1273.82,30.77,0
2017-07-31,1385.45,30.71,0
2017-08-01,1396.78,29.1,0
2017-08-02,1381.73,26.11,0
2017-08-03,1373.41,28.28,0
2017-08-04,1380.56,26.59,0
2017-08-05,1232.93,25.03,0
2017-08-06,1248.93,24.84,0
2017-08-07,1324.82,21.44,0
2017-08-08,1324.08,21.86,0
2017-08-09,1393.65,26.49,0
2017-08-10,1399.32,26.99,0
2017-08-11,1400.18,28.96,0
2017-08-12,1268.99,26.53,0
2017-08-13,1238.55,24.03,0
2017-08-14,1362.62,28.13,0
2017-08-15,1403.21,28.93,0
2017-08-16,1386.46,26.93,0
2017-08-17,1406.63,26.29,0
2017-08-18,1428.8,27.88,0
2017-08-19,1299.78,28.41,0
2017-08-20,1281.15,29.21,0
2017-08-21,1374.26,26.31,0
2017-08-22,1390.43,28.67,0
2017-08-23,1379.98,27.58,0
2017-08-24,1386.66,26.37,0
2017-08-25,1379.82,25.29,0
2017-08-26,1278.59,25.08,0
2017-08-27,1300.14,26.93,0
2017-08-28,1372.93,25.97,0
2017-08-29,1380.74,23.68,0
2017-08-30,1378.28,25.04,0
2017-08-31,1373.12,25.59,0
2017-09-01,1324.47,23.08,0
2017-09-02,1231.28,21.79,0
2017-09-03,1241.62,23.02,0
2017-09-04,1338.16,23.01,0
2017-09-05,1338.47,20.96,0
2017-09-06,1370.34,23.58,0
2017-09-07,1357.88,24.57,0
2017-09-08,1346.24,25.4,0
2017-09-09,1251.24,23.17,0
2017-09-10,1251.05,21.42,0
2017-09-11,1368.94,23.23,0
2017-09-12,1379.34,24.49,0
2017-09-13,1381.54,24.42,0
2017-09-14,1368.4,24.51,0
2017-09-15,1382.02,25.87,0
2017-09-16,1228.26,22.98,0
2017-09-17,1239.53,20.19,0
2017-09-18,1326.61,20.29,0
2017-09-19,1377.05,25.82,0
2017-09-20,1352.59,24.56,0
2017-09-21,1364.09,23.59,0
2017-09-22,1351.01,23.45,0
2017-09-23,1239.56,24.22,0
2017-09-24,1229.87,22.55,0
2017-09-25,1287.0,19.37,0
2017-09-26,1320.32,20.45,0
2017-09-27,1355.63,22.81,0
2017-09-28,1334.92,22.46,0
2017-09-29,1330.72,20.42,0
2017-09-30,1240.85,21.02,0
2017-10-01,1217.07,20.0,0
2017-10-02,1295.87,19.8,0
2017-10-03,1314.17,17.64,0
2017-10-04,1333.02,19.15,0
2017-10-05,1327.67,19.03,0
2017-10-06,1334.68,19.89,0
2017-10-07,1216.08,19.97,0
2017-10-08,1200.89,18.64,0
2017-10-09,1320.79,20.4,0
2017-10-10,1350.63,19.99,0
2017-10-11,1322.26,17.33,0
2017-10-12,1334.37,16.32,0
2017-10-13,1325.23,17.73,0
2017-10-14,1239.11,19.12,0
2017-10-15,1218.52,18.04,0
2017-10-16,1318.42,18.76,0
2017-10-17,1350.4,20.82,0
2017-10-18,1335.18,18.97,0
2017-10-19,1317.73,19.75,0
2017-10-20,1336.86,19.71,0
2017-10-21,1207.38,17.71,0
2017-10-22,1212.27,17.01,0
2017-10-23,1316.46,17.93,0
2017-10-24,1362.82,17.28,0
2017-10-25,1337.41,17.28,0
2017-10-26,1330.01,15.9,0
2017-10-27,1311.31,16.66,0
2017-10-28,1201.96,18.16,0
2017-10-29,1221.74,19.58,0
2017-10-30,1307.35,18.68,0
2017-10-31,1334.76,20.54,0
2017-11-01,1311.29,18.94,0
2017-11-02,1340.14,18.74,0
2017-11-03,1337.38,19.65,0
2017-11-04,1211.32,18.43,0
2017-11-05,1221.18,17.13,0
2017-11-06,1316.59,17.22,0
2017-11-07,1354.22,14.28,0
2017-11-08,1340.53,15.98,0
2017-11-09,1326.29,15.0,0
2017-11-10,1350.19,12.1,0
2017-11-11,1256.97,13.17,0
2017-11-12,1227.89,16.32,0
2017-11-13,1309.8,15.92,0
2017-11-14,1345.16,14.47,0
2017-11-15,1355.21,13.18,0
2017-11-16,1346.2,13.24,0
2017-11-17,1350.04,12.16,0
2017-11-18,1233.33,13.76,0
2017-11-19,1214.92,16.63,0
2017-11-20,1327.36,13.86,0
2017-11-21,1351.9,13.53,0
2017-11-22,1343.9,13.9,0
2017-11-23,1373.05,11.46,0
2017-11-24,1383.45,12.09,0
2017-11-25,1261.44,13.61,0
2017-11-26,1255.8,13.1,0
2017-11-27,1367.26,13.79,0
2017-11-28,1370.34,13.12,0
2017-11-29,1392.38,11.38,0
2017-11-30,1391.89,10.52,0
2017-12-01,1370.85,12.51,0
2017-12-02,1266.63,15.08,0
2017-12-03,1262.35,13.92,0
2017-12-04,1390.19,12.06,0
2017-12-05,1392.71,12.52,0
2017-12-06,1385.46,12.9,0
2017-12-07,1390.29,10.3,0
2017-12-08,1392.05,11.7,0
2017-12-09,1273.25,12.19,0
2017-12-10,1259.15,10.98,0
2017-12-11,1375.91,8.68,0
2017-12-12,1376.58,9.1,0
2017-12-13,1405.72,9.21,0
2017-12-14,1367.0,10.73,0
2017-12-15,1359.46,10.17,0
2017-12-16,1253.24,10.78,0
2017-12-17,1299.13,11.81,0
2017-12-18,1379.1,11.55,0
2017-12-19,1369.97,12.25,0
2017-12-20,1366.26,10.84,0
2017-12-21,1389.38,9.26,0
2017-12-22,1389.37,9.78,0
2017-12-23,1291.13,8.64,0
2017-12-24,1175.92,6.81,1
2017-12-25,1229.92,6.81,1
2017-12-26,1246.43,6.62,1
2017-12-27,1386.41,7.37,0
2017-12-28,1397.38,6.67,0
2017-12-29,1380.33,7.34,0
2017-12-30,1297.7,8.39,0
2017-12-31,1136.28,9.15,1
2018-01-01,1248.85,9.21,1
2018-01-02,1375.11,10.44,0
2018-01-03,1390.13,9.79,0
2018-01-04,1383.31,10.71,0
2018-01-05,1380.14,10.73,0
2018-01-06,1267.6,10.6,0
2018-01-07,1264.29,9.63,0
2018-01-08,1387.61,9.01,0
2018-01-09,1414.39,6.65,0
2018-01-10,1413.31,6.8,0
2018-01-11,1392.09,7.73,0
2018-01-12,1397.26,5.86,0
2018-01-13,1316.99,4.94,0
2018-01-14,1295.13,6.98,0
2018-01-15,1384.74,6.51,0
2018-01-16,1401.26,6.49,0
2018-01-17,1386.59,8.37,0
2018-01-18,1373.93,11.13,0
2018-01-19,1366.86,11.6,0
2018-01-20,1284.46,11.6,0
2018-01-21,1271.51,12.89,0
2018-01-22,1372.75,9.51,0
2018-01-23,1399.09,6.83,0
2018-01-24,1386.09,8.19,0
2018-01-25,1360.93,8.96,0
2018-01-26,1348.62,12.1,0
2018-01-27,1263.74,11.92,0
2018-01-28,1279.85,11.33,0
2018-01-29,1373.18,11.74,0
2018-01-30,1394.54,10.04,0
2018-01-31,1383.62,9.93,0
2018-02-01,1364.38,11.83,0
2018-02-02,1348.67,13.24,0
2018-02-03,1245.86,12.44,0
2018-02-04,1246.02,12.97,0
2018-02-05,1361.33,11.0,0
2018-02-06,1370.23,12.41,0
2018-02-07,1372.73,12.78,0
2018-02-08,1356.01,14.03,0
2018-02-09,1358.49,10.55,0
2018-02-10,1259.97,11.07,0
2018-02-11,1265.17,12.12,0
2018-02-12,1348.69,11.38,0
2018-02-13,1401.35,10.04,0
2018-02-14,1402.7,9.91,0
2018-02-15,1399.8,11.47,0
2018-02-16,1436.01,9.09,0
2018-02-17,1305.04,9.07,0
2018-02-18,1314.1,9.44,0
2018-02-19,1400.38,8.52,0
2018-02-20,1409.93,10.0,0
2018-02-21,1411.32,9.4,0
2018-02-22,1408.55,9.41,0
2018-02-23,1414.22,10.24,0
2018-02-24,1292.47,12.27,0
2018-02-25,1304.11,12.79,0
2018-02-26,1385.65,13.26,0
2018-02-27,1410.06,10.1,0
2018-02-28,1399.71,9.41,0
2018-03-01,1384.72,13.15,0
2018-03-02,1382.06,13.47,0
2018-03-03,1267.8,14.21,0
2018-03-04,1277.08,13.21,0
2018-03-05,1386.9,12.07,0
2018-03-06,1390.06,9.44,0
2018-03-07,1404.52,10.6,0
2018-03-08,1382.13,11.18,0
2018-03-09,1400.95,8.74,0
2018-03-10,1293.72,9.06,0
2018-03-11,1295.99,9.51,0
2018-03-12,1384.88,9.82,0
2018-03-13,1436.19,7.01,0
2018-03-14,1389.3,10.29,0
2018-03-15,1402.79,11.38,0
2018-03-16,1392.65,14.16,0
2018-03-17,1279.39,13.05,0
2018-03-18,1295.79,9.6,0
2018-03-19,1374.7,9.39,0
2018-03-20,1383.67,11.57,0
2018-03-21,1372.88,13.5,0
2018-03-22,1340.41,16.66,0
2018-03-23,1341.39,18.97,0
2018-03-24,1243.22,17.12,0
2018-03-25,1284.36,15.49,0
2018-03-26,1356.88,13.55,0
2018-03-27,1358.25,14.67,0
2018-03-28,1351.79,13.47,0
2018-03-29,1325.27,16.63,0
2018-03-30,1348.15,16.1,0
2018-03-31,1251.96,14.87,0
2018-04-01,1234.65,16.47,0
2018-04-02,1336.0,12.41,0
2018-04-03,1369.16,11.82,0
2018-04-04,1387.59,12.04,0
2018-04-05,1340.23,16.89,0
2018-04-06,1354.86,16.66,0
2018-04-07,1255.67,16.96,0
2018-04-08,1274.72,14.61,0
2018-04-09,1369.05,16.5,0
2018-04-10,1366.32,16.25,0
2018-04-11,1364.54,17.1,0
2018-04-12,1356.07,19.44,0
2018-04-13,1337.02,19.08,0
2018-04-14,1219.86,19.19,0
2018-04-15,1235.01,17.85,0
2018-04-16,1358.75,17.6,0
2018-04-17,1388.38,17.58,0
2018-04-18,1389.58,17.26,0
2018-04-19,1377.65,15.94,0
2018-04-20,1358.75,18.81,0
2018-04-21,1246.22,17.45,0
2018-04-22,1260.3,14.99,0
2018-04-23,1319.22,16.78,0
2018-04-24,1365.74,16.33,0
2018-04-25,1372.54,18.06,0
2018-04-26,1378.94,19.19,0
2018-04-27,1361.21,17.52,0
2018-04-28,1277.02,18.4,0
2018-04-29,1284.42,19.71,0
2018-04-30,1379.4,18.7,0
2018-05-01,1201.39,18.46,1
2018-05-02,1369.62,21.0,0
2018-05-03,1337.76,18.09,0
2018-05-04,1346.89,18.64,0
2018-05-05,1254.03,21.72,0
2018-05-06,1244.33,19.83,0
2018-05-07,1347.89,20.09,0
2018-05-08,1374.8,22.39,0
2018-05-09,1384.04,22.31,0
2018-05-10,1382.49,21.81,0
2018-05-11,1388.57,24.12,0
2018-05-12,1274.59,23.04,0
2018-05-13,1273.71,24.54,0
2018-05-14,1360.94,22.76,0
2018-05-15,1413.38,24.14,0
2018-05-16,1391.69,23.91,0
2018-05-17,1426.15,26.12,0
2018-05-18,1409.85,25.62,0
2018-05-19,1289.94,24.25,0
2018-05-20,1296.06,23.38,0
2018-05-21,1347.08,21.24,0
2018-05-22,1380.1,22.85,0
2018-05-23,1393.04,21.82,0
2018-05-24,1366.59,19.71,0
2018-05-25,1352.84,20.92,0
2018-05-26,1246.77,20.48,0
2018-05-27,1269.42,20.93,0
2018-05-28,1390.51,24.16,0
2018-05-29,1403.47,25.4,0
2018-05-30,1412.23,25.68,0
2018-05-31,1400.42,24.52,0
2018-06-01,1393.41,24.61,0
2018-06-02,1297.67,23.56,0
2018-06-03,1296.3,23.3,0
2018-06-04,1398.09,27.17,0
2018-06-05,1422.1,28.46,0
2018-06-06,1422.38,27.56,0
2018-06-07,1395.58,25.41,0
2018-06-08,1364.53,22.51,0
2018-06-09,1283.66,20.85,0
2018-06-10,1290.74,24.54,0
2018-06-11,1385.43,26.45,0
2018-06-12,1386.87,25.41,0
2018-06-13,1385.8,26.35,0
2018-06-14,1392.77,26.7,0
2018-06-15,1423.21,25.92,0
2018-06-16,1295.56,23.96,0
2018-06-17,1316.35,25.54,0
2018-06-18,1403.73,24.99,0
2018-06-19,1400.17,24.6,0
2018-06-20,1390.09,28.21,0
2018-06-21,1398.71,27.35,0
2018-06-22,1381.61,25.84,0
2018-06-23,1281.7,25.84,0
2018-06-24,1248.84,21.74,0
2018-06-25,1365.08,23.84,0
2018-06-26,1389.54,21.39,0
2018-06-27,1391.04,23.79,0
2018-06-28,1376.92,21.91,0
2018-06-29,1388.55,23.64,0
2018-06-30,1254.86,23.78,0
2018-07-01,1271.78,25.39,0
2018-07-02,1382.36,26.08,0
2018-07-03,1398.44,26.43,0
2018-07-04,1415.43,26.29,0
2018-07-05,1386.0,21.96,0
2018-07-06,1369.05,23.82,0
2018-07-07,1268.32,24.48,0
2018-07-08,1282.3,27.1,0
2018-07-09,1411.27,29.22,0
2018-07-10,1435.53,26.24,0
2018-07-11,1437.45,25.89,0
2018-07-12,1434.03,26.44,0
2018-07-13,1409.3,26.19,0
2018-07-14,1322.93,30.14,0
2018-07-15,1295.53,29.23,0
2018-07-16,1390.84,28.56,0
2018-07-17,1358.47,23.56,0
2018-07-18,1380.55,24.23,0
2018-07-19,1408.25,24.98,0
2018-07-20,1390.86,23.91,0
2018-07-21,1255.73,21.22,0
2018-07-22,1281.47,23.6,0
2018-07-23,1405.07,25.51,0
2018-07-24,1396.47,24.68,0
2018-07-25,1394.81,25.83,0
2018-07-26,1392.07,23.83,0
2018-07-27,1398.71,25.11,0
2018-07-28,1294.48,28.32,0
2018-07-29,1284.75,27.0,0
2018-07-30,1367.56,23.51,0
2018-07-31,1391.51,24.58,0
2018-08-01,1367.45,25.39,0
2018-08-02,1393.29,25.22,0
2018-08-03,1419.05,25.86,0
2018-08-04,1310.35,23.31,0
2018-08-05,1320.6,25.1,0
2018-08-06,1421.16,24.17,0
2018-08-07,1410.59,23.04,0
2018-08-08,1406.33,23.56,0
2018-08-09,1415.87,26.16,0
2018-08-10,1410.36,26.09,0
2018-08-11,1316.21,26.73,0
2018-08-12,1280.03,21.88,0
2018-08-13,1407.6,23.91,0
2018-08-14,1448.53,27.85,0
2018-08-15,1427.02,27.7,0
2018-08-16,1452.35,30.88,0
2018-08-17,1441.72,26.63,0
2018-08-18,1307.92,25.09,0
2018-08-19,1273.24,24.82,0
2018-08-20,1362.78,25.96,0
2018-08-21,1364.11,22.81,0
2018-08-22,1342.62,23.54,0
2018-08-23,1367.63,22.91,0
2018-08-24,1367.97,23.84,0
2018-08-25,1226.87,19.5,0
2018-08-26,1245.86,20.84,0
2018-08-27,1349.46,22.9,0
2018-08-28,1383.25,23.82,0
2018-08-29,1364.32,21.71,0
2018-08-30,1361.74,21.76,0
2018-08-31,1359.35,20.4,0
2018-09-01,1269.51,22.77,0
2018-09-02,1270.14,22.22,0
2018-09-03,1351.47,22.31,0
2018-09-04,1380.05,19.95,0
2018-09-05,1371.69,21.12,0
2018-09-06,1388.03,23.98,0
2018-09-07,1422.92,26.39,0
2018-09-08,1309.23,26.63,0
2018-09-09,1298.66,26.8,0
2018-09-10,1369.47,23.14,0
2018-09-11,1348.09,21.17,0
2018-09-12,1364.98,23.52,0
2018-09-13,1385.96,23.75,0
2018-09-14,1402.12,23.63,0
2018-09-15,1318.83,24.9,0
2018-09-16,1303.29,22.69,0
2018-09-17,1403.82,23.55,0
2018-09-18,1433.49,22.81,0
2018-09-19,1420.72,22.33,0
2018-09-20,1411.35,23.34,0
2018-09-21,1413.86,22.35,0
2018-09-22,1302.27,21.12,0
2018-09-23,1264.7,20.88,0
2018-09-24,1363.53,16.9,0
2018-09-25,1406.07,22.24,0
2018-09-26,1382.31,18.42,0
2018-09-27,1365.41,18.98,0
2018-09-28,1389.33,21.57,0
2018-09-29,1243.44,17.61,0
2018-09-30,1259.87,20.66,0
2018-10-01,1364.64,19.08,0
2018-10-02,1395.89,21.18,0
2018-10-03,1400.66,22.65,0
2018-10-04,1380.88,21.07,0
2018-10-05,1381.03,20.34,0
2018-10-06,1282.78,20.12,0
2018-10-07,1293.23,15.97,0
2018-10-08,1364.25,16.93,0
2018-10-09,1381.44,15.7,0
2018-10-10,1401.12,15.07,0
2018-10-11,1393.21,16.3,0
2018-10-12,1408.73,14.94,0
2018-10-13,1304.49,12.85,0
2018-10-14,1286.05,14.32,0
2018-10-15,1392.68,13.9,0
2018-10-16,1397.64,14.84,0
2018-10-17,1336.15,17.98,0
2018-10-18,1357.84,15.21,0
2018-10-19,1362.55,17.31,0
2018-10-20,1271.35,15.73,0
2018-10-21,1280.36,17.26,0
2018-10-22,1374.09,15.96,0
2018-10-23,1383.82,15.31,0
2018-10-24,1380.15,13.67,0
2018-10-25,1377.53,16.65,0
2018-10-26,1379.9,18.3,0
2018-10-27,1265.1,17.2,0
2018-10-28,1278.07,16.72,0
2018-10-29,1362.16,16.2,0
2018-10-30,1365.38,19.14,0
2018-10-31,1381.4,18.55,0
2018-11-01,1393.94,14.22,0
2018-11-02,1397.77,14.36,0
2018-11-03,1297.93,15.92,0
2018-11-04,1284.14,14.08,0
2018-11-05,1362.62,14.29,0
2018-11-06,1375.86,14.89,0
2018-11-07,1387.8,14.7,0
2018-11-08,1396.78,12.61,0
2018-11-09,1373.42,13.94,0
2018-11-10,1246.92,14.62,0
2018-11-11,1291.7,13.32,0
2018-11-12,1378.39,12.79,0
2018-11-13,1406.1,14.97,0
2018-11-14,1386.47,14.45,0
2018-11-15,1397.75,13.52,0
2018-11-16,1369.81,14.86,0
2018-11-17,1263.95,14.2,0
2018-11-18,1277.53,14.6,0
2018-11-19,1390.91,12.55,0
2018-11-20,1400.59,14.17,0
2018-11-21,1383.15,15.46,0
2018-11-22,1385.49,14.01,0
2018-11-23,1397.31,12.79,0
2018-11-24,1313.72,8.72,0
2018-11-25,1318.84,7.96,0
2018-11-26,1413.46,10.3,0
2018-11-27,1421.02,12.11,0
2018-11-28,1402.28,14.17,0
2018-11-29,1403.54,15.94,0
2018-11-30,1423.86,12.84,0
2018-12-01,1302.87,13.01,0
2018-12-02,1285.71,13.07,0
2018-12-03,1371.48,12.91,0
2018-12-04,1378.16,12.64,0
2018-12-05,1413.67,7.14,0
2018-12-06,1441.03,9.47,0
2018-12-07,1431.73,10.12,0
2018-12-08,1289.1,12.07,0
2018-12-09,1345.59,7.38,0
2018-12-10,1432.97,9.5,0
2018-12-11,1448.23,8.31,0
2018-12-12,1405.51,9.18,0
2018-12-13,1385.53,11.28,0
2018-12-14,1405.79,12.23,0
2018-12-15,1301.77,10.66,0
2018-12-16,1300.95,10.96,0
2018-12-17,1398.21,10.02,0
2018-12-18,1412.84,9.47,0
2018-12-19,1420.11,8.15,0
2018-12-20,1434.57,6.33,0
2018-12-21,1418.65,8.29,0
2018-12-22,1333.35,9.23,0
2018-12-23,1301.59,8.73,0
2018-12-24,1281.91,8.37,1
2018-12-25,1272.98,8.54,1
2018-12-26,1284.71,9.98,1
2018-12-27,1424.52,11.66,0
2018-12-28,1448.2,10.82,0
2018-12-29,1319.89,9.55,0
2018-12-30,1323.89,8.33,0
2018-12-31,1295.95,10.43,1
2019-01-01,1334.7,7.46,1
2019-01-02,1472.36,8.84,0
2019-01-03,1447.39,9.88,0
2019-01-04,1417.49,11.07,0
2019-01-05,1296.57,13.31,0
2019-01-06,1303.59,12.74,0
2019-01-07,1394.36,14.05,0
2019-01-08,1422.2,13.28,0
2019-01-09,1447.28,10.2,0
2019-01-10,1474.66,9.76,0
2019-01-11,1448.44,11.37,0
2019-01-12,1351.37,8.8,0
2019-01-13,1344.41,9.75,0
2019-01-14,1431.72,10.09,0
2019-01-15,1427.86,11.56,0
2019-01-16,1413.67,11.76,0
2019-01-17,1463.56,7.39,0
2019-01-18,1480.52,7.08,0
2019-01-19,1383.12,6.93,0
2019-01-20,1371.68,6.18,0
2019-01-21,1454.1,8.32,0
2019-01-22,1444.02,11.16,0
2019-01-23,1460.71,8.74,0
2019-01-24,1459.88,8.34,0
2019-01-25,1452.19,7.4,0
2019-01-26,1326.06,10.99,0
2019-01-27,1351.5,8.45,0
2019-01-28,1445.86,9.94,0
2019-01-29,1450.08,10.44,0
2019-01-30,1436.47,9.83,0
2019-01-31,1435.91,11.94,0
2019-02-01,1453.25,9.33,0
2019-02-02,1358.78,11.64,0
2019-02-03,1337.12,12.67,0
2019-02-04,1445.04,10.33,0
2019-02-05,1441.51,10.17,0
2019-02-06,1426.46,11.14,0
2019-02-07,1405.54,13.33,0
2019-02-08,1404.75,13.85,0
2019-02-09,1315.49,10.94,0
2019-02-10,1325.15,10.36,0
2019-02-11,1384.84,12.21,0
2019-02-12,1423.16,11.79,0
2019-02-13,1448.32,10.3,0
2019-02-14,1450.17,9.97,0
2019-02-15,1488.74,5.89,0
2019-02-16,1366.67,5.72,0
2019-02-17,1346.28,6.08,0
2019-02-18,1427.77,7.53,0
2019-02-19,1442.11,7.92,0
2019-02-20,1443.73,7.04,0
2019-02-21,1440.65,7.08,0
2019-02-22,1427.41,9.62,0
2019-02-23,1341.86,7.47,0
2019-02-24,1336.21,10.42,0
2019-02-25,1427.2,10.25,0
2019-02-26,1420.85,10.16,0
2019-02-27,1462.77,10.53,0
2019-02-28,1456.86,9.01,0
2019-03-01,1420.29,10.72,0
2019-03-02,1277.6,11.74,0
2019-03-03,1277.95,12.08,0
2019-03-04,1385.68,11.41,0
2019-03-05,1419.74,9.98,0
2019-03-06,1439.55,9.41,0
2019-03-07,1436.4,10.52,0
2019-03-08,1461.91,8.73,0
2019-03-09,1340.36,9.29,0
2019-03-10,1304.98,9.57,0
2019-03-11,1442.4,7.6,0
2019-03-12,1432.55,9.0,0
2019-03-13,1416.91,10.96,0
2019-03-14,1400.55,16.01,0
2019-03-15,1409.93,16.97,0
2019-03-16,1295.42,15.93,0
2019-03-17,1296.85,17.58,0
2019-03-18,1417.46,14.58,0
2019-03-19,1417.23,16.13,0
2019-03-20,1425.21,14.02,0
2019-03-21,1417.02,14.28,0
2019-03-22,1405.88,12.3,0
2019-03-23,1289.99,13.71,0
2019-03-24,1310.97,12.66,0
2019-03-25,1388.01,15.6,0
2019-03-26,1411.4,14.68,0
2019-03-27,1390.83,16.49,0
2019-03-28,1399.57,14.77,0
2019-03-29,1417.91,14.01,0
2019-03-30,1290.47,14.8,0
2019-03-31,1301.93,15.02,0
2019-04-01,1404.12,17.56,0
2019-04-02,1430.98,16.54,0
2019-04-03,1411.21,14.32,0
2019-04-04,1396.01,15.15,0
2019-04-05,1400.07,14.67,0
2019-04-06,1256.19,16.35,0
2019-04-07,1226.46,16.91,0
2019-04-08,1348.89,16.1,0
2019-04-09,1378.7,16.38,0
2019-04-10,1370.45,17.71,0
2019-04-11,1385.96,17.0,0
2019-04-12,1383.24,18.4,0
2019-04-13,1297.12,16.07,0
2019-04-14,1283.49,18.21,0
2019-04-15,1390.52,15.56,0
2019-04-16,1383.5,17.24,0
2019-04-17,1404.81,18.18,0
2019-04-18,1412.79,21.34,0
2019-04-19,1394.75,21.19,0
2019-04-20,1287.29,20.21,0
2019-04-21,1290.15,20.57,0
2019-04-22,1368.43,17.91,0
2019-04-23,1384.7,17.54,0
2019-04-24,1405.63,19.15,0
2019-04-25,1406.14,18.45,0
2019-04-26,1420.25,18.87,0
2019-04-27,1289.61,16.3,0
2019-04-28,1273.68,18.54,0
2019-04-29,1369.2,18.74,0
2019-04-30,1416.54,19.57,0
2019-05-01,1274.05,19.1,1
2019-05-02,1437.85,16.67,0
2019-05-03,1423.77,19.73,0
2019-05-04,1282.77,19.24,0
2019-05-05,1292.77,21.3,0
2019-05-06,1389.88,17.92,0
2019-05-07,1420.77,19.36,0
2019-05-08,1402.09,18.98,0
2019-05-09,1396.53,16.69,0
2019-05-10,1389.75,19.3,0
2019-05-11,1288.06,18.82,0
2019-05-12,1330.35,21.25,0
2019-05-13,1417.97,21.89,0
2019-05-14,1404.65,21.44,0
2019-05-15,1416.55,21.46,0
2019-05-16,1438.52,22.56,0
2019-05-17,1419.35,22.6,0
2019-05-18,1307.04,22.73,0
2019-05-19,1330.88,25.54,0
2019-05-20,1409.17,22.91,0
2019-05-21,1405.36,21.12,0
2019-05-22,1427.26,24.2,0
2019-05-23,1442.17,24.02,0
2019-05-24,1431.71,22.14,0
2019-05-25,1331.02,24.7,0
2019-05-26,1332.56,25.25,0
2019-05-27,1433.02,25.53,0
2019-05-28,1424.85,21.02,0
2019-05-29,1386.46,19.18,0
2019-05-30,1432.69,21.23,0
2019-05-31,1432.88,23.21,0
2019-06-01,1304.35,22.1,0
2019-06-02,1303.32,24.37,0
2019-06-03,1424.27,26.13,0
2019-06-04,1433.41,25.14,0
2019-06-05,1407.24,25.44,0
2019-06-06,1403.64,26.15,0
2019-06-07,1431.86,26.76,0
2019-06-08,1357.04,25.33,0
2019-06-09,1328.69,24.0,0
2019-06-10,1429.04,25.88,0
2019-06-11,1435.74,25.64,0
2019-06-12,1448.7,24.43,0
2019-06-13,1468.9,24.77,0
2019-06-14,1481.92,26.43,0
2019-06-15,1372.99,27.43,0
2019-06-16,1352.19,26.49,0
2019-06-17,1439.3,26.06,0
2019-06-18,1477.79,27.93,0
2019-06-19,1469.21,24.32,0
2019-06-20,1468.61,25.7,0
2019-06-21,1444.33,24.74,0
2019-06-22,1323.08,25.53,0
2019-06-23,1342.15,27.81,0
2019-06-24,1418.15,25.34,0
2019-06-25,1446.25,24.44,0
2019-06-26,1446.33,25.72,0
2019-06-27,1456.78,26.41,0
2019-06-28,1469.13,27.47,0
2019-06-29,1339.99,26.16,0
2019-06-30,1369.86,26.45,0
2019-07-01,1446.33,27.05,0
2019-07-02,1446.85,25.25,0
2019-07-03,1436.09,25.55,0
2019-07-04,1426.81,26.54,0
2019-07-05,1448.58,27.37,0
2019-07-06,1337.7,27.38,0
2019-07-07,1331.27,25.64,0
2019-07-08,1455.27,28.65,0
2019-07-09,1447.2,23.14,0
2019-07-10,1439.79,22.93,0
2019-07-11,1451.5,24.67,0
2019-07-12,1451.74,25.66,0
2019-07-13,1321.34,23.73,0
2019-07-14,1288.19,22.73,0
2019-07-15,1422.99,24.4,0
2019-07-16,1441.24,22.85,0
2019-07-17,1456.58,23.18,0
2019-07-18,1453.3,24.47,0
2019-07-19,1461.26,25.29,0
2019-07-20,1332.79,25.91,0
2019-07-21,1364.61,30.75,0
2019-07-22,1481.46,32.22,0
2019-07-23,1473.6,29.7,0
2019-07-24,1438.49,28.28,0
2019-07-25,1458.4,28.24,0
2019-07-26,1440.51,24.82,0
2019-07-27,1373.19,25.93,0
2019-07-28,1373.46,27.83,0
2019-07-29,1453.91,27.66,0
2019-07-30,1434.64,25.39,0
2019-07-31,1703.1,25.23,0
2019-08-01,1439.71,25.27,0
2019-08-02,1436.23,24.52,0
2019-08-03,1315.84,22.49,0
2019-08-04,1305.52,22.06,0
2019-08-05,1431.66,26.28,0
2019-08-06,1457.64,25.37,0
2019-08-07,1470.31,25.91,0
2019-08-08,1474.83,26.45,0
2019-08-09,1465.21,26.05,0
2019-08-10,1346.29,26.67,0
2019-08-11,1378.57,28.8,0
2019-08-12,1470.74,27.09,0
2019-08-13,1482.44,27.0,0
2019-08-14,1460.01,26.91,0
2019-08-15,1447.48,25.41,0
2019-08-16,1467.55,26.36,0
2019-08-17,1327.56,25.33,0
2019-08-18,1327.03,23.93,0
2019-08-19,1406.74,24.72,0
2019-08-20,1436.83,24.51,0
2019-08-21,1431.3,25.44,0
2019-08-22,1430.1,25.55,0
2019-08-23,1441.89,24.37,0
2019-08-24,1352.34,25.99,0
2019-08-25,1310.46,22.78,0
2019-08-26,1411.05,23.96,0
2019-08-27,1452.18,24.03,0
2019-08-28,1456.68,25.78,0
2019-08-29,1491.15,25.61,0
2019-08-30,1506.11,28.75,0
2019-08-31,1399.41,29.03,0
2019-09-01,1405.85,28.5,0
2019-09-02,1457.56,24.07,0
2019-09-03,1469.5,23.6,0
2019-09-04,1456.33,22.88,0
2019-09-05,1431.39,22.76,0
2019-09-06,1438.34,23.65,0
2019-09-07,1303.27,22.48,0
2019-09-08,1323.05,23.42,0
2019-09-09,1393.76,20.78,0
2019-09-10,1437.3,24.73,0
2019-09-11,1427.29,20.71,0
2019-09-12,1452.81,23.98,0
2019-09-13,1462.22,23.79,0
2019-09-14,1346.96,24.07,0
2019-09-15,1343.21,24.48,0
2019-09-16,1423.84,22.26,0
2019-09-17,1407.06,20.48,0
2019-09-18,1416.04,19.32,0
2019-09-19,1413.42,17.54,0
2019-09-20,1418.58,16.56,0
2019-09-21,1312.58,19.24,0
2019-09-22,1339.01,23.97,0
2019-09-23,1441.63,24.08,0
2019-09-24,1450.97,23.86,0
2019-09-25,1415.17,20.59,0
2019-09-26,1425.24,22.95,0
2019-09-27,1428.11,22.27,0
2019-09-28,1308.75,19.53,0
2019-09-29,1299.03,19.11,0
2019-09-30,1409.7,18.58,0
2019-10-01,1421.77,14.68,0
2019-10-02,1412.11,16.53,0
2019-10-03,1422.14,17.19,0
2019-10-04,1438.41,16.43,0
2019-10-05,1341.45,16.88,0
2019-10-06,1320.43,14.49,0
2019-10-07,1396.2,16.74,0
2019-10-08,1414.04,19.81,0
2019-10-09,1426.73,19.44,0
2019-10-10,1412.67,18.92,0
2019-10-11,1440.71,21.2,0
2019-10-12,1328.57,19.65,0
2019-10-13,1309.27,18.34,0
2019-10-14,1427.81,16.57,0
2019-10-15,1430.88,18.42,0
2019-10-16,1422.83,16.78,0
2019-10-17,1437.88,17.02,0
2019-10-18,1420.91,18.47,0
2019-10-19,1312.1,18.54,0
2019-10-20,1275.36,18.08,0
2019-10-21,1395.92,16.46,0
2019-10-22,1415.31,15.55,0
2019-10-23,1426.52,13.6,0
2019-10-24,1446.32,14.63,0
2019-10-25,1424.04,17.67,0
2019-10-26,1312.91,18.08,0
2019-10-27,1297.05,17.44,0
2019-10-28,1404.25,15.85,0
2019-10-29,1456.86,11.82,0
2019-10-30,1460.45,10.4,0
2019-10-31,1450.29,12.38,0
2019-11-01,1431.69,15.14,0
2019-11-02,1329.93,15.35,0
2019-11-03,1328.31,16.65,0
2019-11-04,1425.53,15.78,0
2019-11-05,1447.68,15.18,0
2019-11-06,1447.09,14.72,0
2019-11-07,1460.64,13.14,0
2019-11-08,1446.18,15.7,0
2019-11-09,1362.32,13.93,0
2019-11-10,1380.66,12.2,0
2019-11-11,1460.1,14.28,0
2019-11-12,1456.66,14.27,0
2019-11-13,1451.12,13.61,0
2019-11-14,1463.37,11.85,0
2019-11-15,1432.06,13.79,0
2019-11-16,1305.69,12.44,0
2019-11-17,1331.02,12.84,0
2019-11-18,1456.58,13.04,0
2019-11-19,1461.92,13.78,0
2019-11-20,1457.69,12.43,0
2019-11-21,1463.83,10.89,0
2019-11-22,1442.12,12.05,0
2019-11-23,1338.19,12.45,0
2019-11-24,1340.61,13.6,0
2019-11-25,1426.73,13.88,0
2019-11-26,1421.24,14.74,0
2019-11-27,1440.21,14.27,0
2019-11-28,1439.45,16.05,0
2019-11-29,1434.36,14.74,0
2019-11-30,1341.18,12.04,0
2019-12-01,1340.24,11.91,0
2019-12-02,1427.81,11.89,0
2019-12-03,1438.77,11.26,0
2019-12-04,1440.42,10.76,0
2019-12-05,1455.57,10.23,0
2019-12-06,1440.95,9.95,0
2019-12-07,1367.61,8.22,0
2019-12-08,1347.23,10.55,0
2019-12-09,1443.21,9.29,0
2019-12-10,1454.74,8.02,0
2019-12-11,1441.7,7.63,0
2019-12-12,1453.13,9.21,0
2019-12-13,1422.64,11.11,0
2019-12-14,1334.15,10.69,0
2019-12-15,1343.95,7.43,0
2019-12-16,1453.0,9.37,0
2019-12-17,1448.07,12.5,0
2019-12-18,1473.61,9.01,0
2019-12-19,1469.23,10.72,0
2019-12-20,1466.97,10.48,0
2019-12-21,1377.37,10.44,0
2019-12-22,1380.41,8.76,0
2019-12-23,1441.44,10.81,0
2019-12-24,1307.0,11.07,1
2019-12-25,1320.26,10.31,1
2019-12-26,1297.19,13.01,1
2019-12-27,1456.34,10.74,0
2019-12-28,1379.91,7.97,0
2019-12-29,1351.07,11.71,0
2019-12-30,1462.6,8.95,0
2019-12-31,1348.39,6.66,1
2020-01-01,1364.21,5.44,1
2020-01-02,1481.31,7.31,0
2020-01-03,1476.85,7.67,0
2020-01-04,1368.92,7.34,0
2020-01-05,1388.86,6.47,0
2020-01-06,1495.64,4.88,0
2020-01-07,1513.74,7.63,0
2020-01-08,1488.35,8.76,0
2020-01-09,1505.81,6.71,0
2020-01-10,1505.22,6.27,0
2020-01-11,1394.57,6.61,0
2020-01-12,1391.16,7.87,0
2020-01-13,1471.62,8.79,0
2020-01-14,1492.87,8.33,0
2020-01-15,1465.14,8.28,0
2020-01-16,1477.64,9.0,0
2020-01-17,1484.96,9.73,0
2020-01-18,1364.22,9.41,0
2020-01-19,1360.65,10.81,0
2020-01-20,1470.07,8.54,0
2020-01-21,1486.91,8.14,0
2020-01-22,1469.4,8.2,0
2020-01-23,1476.69,8.29,0
2020-01-24,1477.89,9.3,0
2020-01-25,1386.36,9.93,0
2020-01-26,1387.4,10.33,0
2020-01-27,1477.75,11.04,0
2020-01-28,1518.75,6.96,0
2020-01-29,1510.55,7.59,0
2020-01-30,1497.59,6.82,0
2020-01-31,1485.39,7.28,0
2020-02-01,1403.48,7.78,0
2020-02-02,1380.53,6.76,0
2020-02-03,1475.64,7.76,0
2020-02-04,1496.7,7.37,0
2020-02-05,1479.18,12.29,0
2020-02-06,1467.41,11.21,0
2020-02-07,1485.27,10.43,0
2020-02-08,1349.82,9.86,0
2020-02-09,1374.98,10.12,0
2020-02-10,1460.66,11.04,0
2020-02-11,1493.41,8.44,0
2020-02-12,1509.83,9.35,0
2020-02-13,1501.24,9.56,0
2020-02-14,1487.1,10.44,0
2020-02-15,1376.04,8.97,0
2020-02-16,1382.96,11.26,0
2020-02-17,1479.66,10.04,0
2020-02-18,1527.27,7.63,0
2020-02-19,1480.16,10.0,0
2020-02-20,1466.95,11.43,0
2020-02-21,1495.59,9.08,0
2020-02-22,1376.74,11.6,0
2020-02-23,1360.27,14.2,0
2020-02-24,1431.14,12.02,0
2020-02-25,1485.11,10.7,0
2020-02-26,1467.69,11.79,0
2020-02-27,1466.56,9.0,0
2020-02-28,1490.14,7.28,0
2020-02-29,1386.87,8.12,0
2020-03-01,1385.58,8.94,0
2020-03-02,1466.49,8.11,0
2020-03-03,1494.18,8.07,0
2020-03-04,1507.07,7.51,0
2020-03-05,1482.71,8.78,0
2020-03-06,1503.35,7.6,0
2020-03-07,1375.47,7.56,0
2020-03-08,1375.63,10.9,0
2020-03-09,1458.78,8.73,0
2020-03-10,1475.32,8.82,0
2020-03-11,1479.78,10.19,0
2020-03-12,1468.48,11.08,0
2020-03-13,1446.51,13.2,0
2020-03-14,1358.87,11.77,0
2020-03-15,1154.58,12.88,0
2020-03-16,1226.08,14.42,0
2020-03-17,1230.28,15.25,0
2020-03-18,1253.52,16.02,0
2020-03-19,1284.49,15.67,0
2020-03-20,1268.34,16.53,0
2020-03-21,1179.34,15.57,0
2020-03-22,1180.35,16.91,0
2020-03-23,1255.57,17.08,0
2020-03-24,1259.84,19.39,0
2020-03-25,1264.4,15.0,0
2020-03-26,1291.6,15.29,0
2020-03-27,1311.21,11.93,0
2020-03-28,1198.42,16.45,0
2020-03-29,1179.13,17.17,0
2020-03-30,1278.58,18.19,0
2020-03-31,1311.34,15.82,0
2020-04-01,1329.88,16.06,0
2020-04-02,1326.58,15.49,0
2020-04-03,1310.36,15.81,0
2020-04-04,1200.59,15.2,0
2020-04-05,1176.32,16.1,0
2020-04-06,1276.19,15.25,0
2020-04-07,1290.38,18.02,0
2020-04-08,1302.47,16.35,0
2020-04-09,1325.31,16.12,0
2020-04-10,1319.1,16.49,0
2020-04-11,1237.93,14.57,0
2020-04-12,1228.9,19.54,0
2020-04-13,1297.83,16.29,0
2020-04-14,1314.98,18.36,0
2020-04-15,1303.45,19.04,0
2020-04-16,1304.7,19.24,0
2020-04-17,1290.9,18.97,0
2020-04-18,1200.26,17.41,0
2020-04-19,1212.1,14.76,0
2020-04-20,1314.16,15.69,0
2020-04-21,1356.94,15.12,0
2020-04-22,1354.49,16.9,0
2020-04-23,1345.56,17.87,0
2020-04-24,1338.43,17.99,0
2020-04-25,1241.39,18.88,0
2020-04-26,1238.2,17.95,0
2020-04-27,1332.85,21.65,0
2020-04-28,1327.13,19.99,0
2020-04-29,1338.65,19.29,0
2020-04-30,1339.33,19.02,0
2020-05-01,1199.91,17.3,1
2020-05-02,1209.1,18.78,0
2020-05-03,1253.61,24.08,0
2020-05-04,1338.95,22.25,0
2020-05-05,1379.3,23.7,0
2020-05-06,1376.29,22.38,0
2020-05-07,1386.89,23.1,0
2020-05-08,1399.7,23.95,0
2020-05-09,1291.22,23.56,0
2020-05-10,1297.57,22.41,0
2020-05-11,1382.78,20.64,0
2020-05-12,1420.07,23.94,0
2020-05-13,1413.44,24.65,0
2020-05-14,1419.42,25.47,0
2020-05-15,1411.67,26.89,0
2020-05-16,1300.33,25.12,0
2020-05-17,1326.88,26.1,0
2020-05-18,1404.55,22.28,0
2020-05-19,1414.11,19.56,0
2020-05-20,1386.58,20.89,0
2020-05-21,1409.7,20.53,0
2020-05-22,1427.4,20.37,0
2020-05-23,1329.88,23.97,0
2020-05-24,1332.48,25.58,0
2020-05-25,1416.92,24.6,0
2020-05-26,1452.4,25.41,0
2020-05-27,1433.65,25.42,0
2020-05-28,1415.02,24.64,0
2020-05-29,1425.04,26.26,0
2020-05-30,1358.13,28.76,0
2020-05-31,1336.23,27.48,0
2020-06-01,1447.8,26.75,0
2020-06-02,1427.91,26.02,0
2020-06-03,1408.36,24.02,0
2020-06-04,1417.04,22.87,0
2020-06-05,1415.27,22.63,0
2020-06-06,1318.5,23.62,0
2020-06-07,1338.29,25.71,0
2020-06-08,1417.53,23.62,0
2020-06-09,1440.3,24.32,0
2020-06-10,1465.38,26.31,0
2020-06-11,1452.06,25.7,0
2020-06-12,1457.95,26.57,0
2020-06-13,1335.47,23.14,0
2020-06-14,1293.04,19.89,0
2020-06-15,1393.23,21.25,0
2020-06-16,1425.39,24.35,0
2020-06-17,1419.26,24.58,0
2020-06-18,1448.02,26.44,0
2020-06-19,1477.01,25.81,0
2020-06-20,1398.37,27.43,0
2020-06-21,1400.97,27.98,0
2020-06-22,1476.35,24.88,0
2020-06-23,1457.35,26.72,0
2020-06-24,1442.85,25.79,0
2020-06-25,1453.31,27.02,0
2020-06-26,1468.49,24.04,0
2020-06-27,1365.87,23.13,0
2020-06-28,1355.43,23.45,0
2020-06-29,1439.12,24.74,0
2020-06-30,1473.66,26.26,0
2020-07-01,1471.18,24.95,0
2020-07-02,1503.09,28.53,0
2020-07-03,1515.1,29.98,0
2020-07-04,1372.83,29.69,0
2020-07-05,1335.52,23.52,0
2020-07-06,1472.5,26.65,0
2020-07-07,1514.47,28.39,0
2020-07-08,1522.11,28.04,0
2020-07-09,1458.03,23.88,0
2020-07-10,1437.23,23.53,0
2020-07-11,1339.89,25.53,0
2020-07-12,1338.27,24.87,0
2020-07-13,1471.75,26.41,0
2020-07-14,1514.79,29.31,0
2020-07-15,1508.87,27.25,0
2020-07-16,1499.19,26.35,0
2020-07-17,1484.12,24.48,0
2020-07-18,1381.05,25.36,0
2020-07-19,1384.1,26.93,0
2020-07-20,1486.32,27.23,0
2020-07-21,1508.05,26.48,0
2020-07-22,1522.44,28.69,0
2020-07-23,1514.33,29.07,0
2020-07-24,1542.72,31.11,0
2020-07-25,1433.65,30.12,0
2020-07-26,1427.74,28.94,0
2020-07-27,1516.78,29.19,0
2020-07-28,1547.66,31.51,0
2020-07-29,1541.32,28.96,0
2020-07-30,1532.63,27.77,0
2020-07-31,1516.27,28.47,0
2020-08-01,1409.55,28.64,0
2020-08-02,1421.42,28.65,0
2020-08-03,1503.57,26.89,0
2020-08-04,1518.52,27.87,0
2020-08-05,1506.92,24.88,0
2020-08-06,1497.92,24.59,0
2020-08-07,1509.21,25.83,0
2020-08-08,1396.77,24.94,0
2020-08-09,1402.02,25.8,0
2020-08-10,1520.56,28.01,0
2020-08-11,1530.85,26.11,0
2020-08-12,1519.21,25.45,0
2020-08-13,1512.64,26.66,0
2020-08-14,1503.83,26.03,0
2020-08-15,1345.05,24.3,0
2020-08-16,1369.6,25.24,0
2020-08-17,1481.45,25.16,0
2020-08-18,1503.45,24.53,0
2020-08-19,1504.84,26.49,0
2020-08-20,1487.27,24.35,0
2020-08-21,1512.84,26.99,0
2020-08-22,1415.72,27.24,0
2020-08-23,1406.1,26.2,0
2020-08-24,1487.13,24.64,0
2020-08-25,1493.51,23.67,0
2020-08-26,1471.21,20.5,0
2020-08-27,1463.33,21.71,0
2020-08-28,1478.72,21.66,0
2020-08-29,1367.15,21.24,0
2020-08-30,1335.72,20.44,0
2020-08-31,1444.74,22.38,0
2020-09-01,1465.92,21.84,0
2020-09-02,1458.97,22.17,0
2020-09-03,1459.19,22.26,0
2020-09-04,1451.8,22.08,0
2020-09-05,1384.97,23.08,0
2020-09-06,1385.18,22.48,0
2020-09-07,1465.55,23.46,0
2020-09-08,1462.92,23.11,0
2020-09-09,1477.96,22.16,0
2020-09-10,1476.21,22.02,0
2020-09-11,1469.79,20.24,0
2020-09-12,1347.64,19.16,0
2020-09-13,1341.38,21.0,0
2020-09-14,1442.75,23.01,0
2020-09-15,1475.95,21.89,0
2020-09-16,1489.48,23.63,0
2020-09-17,1454.02,21.52,0
2020-09-18,1460.94,21.31,0
2020-09-19,1351.21,20.15,0
2020-09-20,1341.71,18.31,0
2020-09-21,1463.74,18.94,0
2020-09-22,1470.94,20.63,0
2020-09-23,1484.46,21.14,0
2020-09-24,1469.19,19.7,0
2020-09-25,1465.63,16.36,0
2020-09-26,1351.81,16.33,0
2020-09-27,1323.04,18.44,0
2020-09-28,1438.36,18.92,0
2020-09-29,1483.81,20.94,0
2020-09-30,1459.27,20.85,0
2020-10-01,1526.35,24.81,0
2020-10-02,1475.28,22.82,0
2020-10-03,1358.86,21.52,0
2020-10-04,1376.62,22.93,0
2020-10-05,1455.14,18.91,0
2020-10-06,1465.87,20.0,0
2020-10-07,1461.42,21.32,0
2020-10-08,1456.34,19.73,0
2020-10-09,1469.66,17.6,0
2020-10-10,1354.0,18.49,0
2020-10-11,1338.17,18.29,0
2020-10-12,1436.79,16.84,0
2020-10-13,1438.46,16.8,0
2020-10-14,1423.13,18.98,0
2020-10-15,1407.62,18.07,0
2020-10-16,1438.7,17.18,0
2020-10-17,1317.15,19.11,0
2020-10-18,1355.03,17.93,0
2020-10-19,1451.73,18.06,0
2020-10-20,1475.17,17.54,0
2020-10-21,1466.25,18.49,0
2020-10-22,1477.61,18.56,0
2020-10-23,1477.67,19.97,0
2020-10-24,1343.01,18.14,0
2020-10-25,1339.01,18.2,0
2020-10-26,1406.04,18.18,0
2020-10-27,1446.83,17.78,0
2020-10-28,1443.63,19.32,0
2020-10-29,1454.44,16.96,0
2020-10-30,1433.87,16.11,0
2020-10-31,1394.31,12.91,0
2020-11-01,1387.66,13.0,0
2020-11-02,1466.08,15.24,0
2020-11-03,1482.0,15.06,0
2020-11-04,1484.63,15.82,0
2020-11-05,1482.38,15.47,0
2020-11-06,1461.13,15.77,0
2020-11-07,1386.07,12.12,0
2020-11-08,1355.65,14.12,0
2020-11-09,1461.0,13.66,0
2020-11-10,1473.86,15.13,0
2020-11-11,1474.8,10.28,0
2020-11-12,1498.31,12.48,0
2020-11-13,1506.46,12.72,0
2020-11-14,1386.77,14.41,0
2020-11-15,1398.81,12.76,0
2020-11-16,1512.63,11.66,0
2020-11-17,1536.2,11.05,0
2020-11-18,1516.74,10.89,0
2020-11-19,1511.88,10.27,0
2020-11-20,1513.95,10.57,0
2020-11-21,1373.94,12.91,0
2020-11-22,1382.39,13.19,0
2020-11-23,1512.42,11.81,0
2020-11-24,1520.2,12.53,0
2020-11-25,1502.33,11.98,0
2020-11-26,1502.19,9.63,0
2020-11-27,1507.58,10.54,0
2020-11-28,1375.24,13.56,0
2020-11-29,1363.41,12.42,0
2020-11-30,1479.13,13.37,0
2020-12-01,1484.6,11.75,0
2020-12-02,1482.57,14.59,0
2020-12-03,1492.64,11.39,0
2020-12-04,1507.86,9.38,0
2020-12-05,1383.37,11.15,0
2020-12-06,1359.85,11.02,0
2020-12-07,1465.93,10.25,0
2020-12-08,1473.17,10.53,0
2020-12-09,1510.59,9.29,0
2020-12-10,1499.54,8.31,0
2020-12-11,1542.25,7.22,0
2020-12-12,1431.87,9.06,0
2020-12-13,1410.12,12.19,0
2020-12-14,1446.6,14.33,0
2020-12-15,1454.98,15.48,0
2020-12-16,1466.67,15.83,0
2020-12-17,1498.19,12.44,0
2020-12-18,1505.05,12.89,0
2020-12-19,1388.38,12.67,0
2020-12-20,1410.85,11.48,0
2020-12-21,1504.81,13.1,0
2020-12-22,1545.71,10.87,0
2020-12-23,1532.87,8.41,0
2020-12-24,1390.75,11.27,1
2020-12-25,1362.21,13.44,1
2020-12-26,1282.22,10.64,1
2020-12-27,1433.64,10.24,0
2020-12-28,1514.98,8.89,0
2020-12-29,1524.72,8.02,0
2020-12-30,1536.66,8.51,0
2020-12-31,1395.99,5.55,1
2021-01-01,1371.03,8.62,1
2021-01-02,1383.81,9.52,0
2021-01-03,1406.47,7.79,0
2021-01-04,1484.28,11.32,0
2021-01-05,1483.62,11.73,0
2021-01-06,1510.75,12.98,0
2021-01-07,1546.89,8.37,0
2021-01-08,1530.1,11.69,0
2021-01-09,1412.21,11.71,0
2021-01-10,1415.76,11.03,0
2021-01-11,1539.62,11.21,0
2021-01-12,1505.61,12.39,0
2021-01-13,1508.24,12.1,0
2021-01-14,1497.15,12.23,0
2021-01-15,1543.26,10.22,0
2021-01-16,1406.77,9.5,0
2021-01-17,1412.16,9.25,0
2021-01-18,1515.1,8.68,0
2021-01-19,1531.23,8.34,0
2021-01-20,1545.97,6.96,0
2021-01-21,1543.05,6.29,0
2021-01-22,1541.26,5.81,0
2021-01-23,1432.52,5.77,0
2021-01-24,1418.63,6.84,0
2021-01-25,1548.18,4.82,0
2021-01-26,1555.3,8.45,0
2021-01-27,1558.9,9.19,0
2021-01-28,1538.71,10.91,0
2021-01-29,1527.16,8.39,0
2021-01-30,1421.6,7.38,0
2021-01-31,1409.33,10.68,0
2021-02-01,1487.13,12.19,0
2021-02-02,1504.96,11.84,0
2021-02-03,1530.2,10.82,0
2021-02-04,1532.74,8.67,0
2021-02-05,1537.17,9.18,0
2021-02-06,1465.22,7.19,0
2021-02-07,1473.15,6.71,0
2021-02-08,1531.37,8.26,0
2021-02-09,1527.25,9.9,0
2021-02-10,1514.54,9.82,0
2021-02-11,1507.12,12.22,0
2021-02-12,1506.75,12.37,0
2021-02-13,1402.57,11.68,0
2021-02-14,1404.86,11.22,0
2021-02-15,1515.62,9.09,0
2021-02-16,1536.26,6.25,0
2021-02-17,1507.96,5.85,0
2021-02-18,1510.32,6.84,0
2021-02-19,1514.83,7.61,0
2021-02-20,1410.55,7.79,0
2021-02-21,1407.31,7.98,0
2021-02-22,1558.15,9.56,0
2021-02-23,1567.17,9.96,0
2021-02-24,1527.15,11.68,0
2021-02-25,1521.01,11.73,0
2021-02-26,1533.53,11.09,0
2021-02-27,1418.44,10.37,0
2021-02-28,1409.67,11.08,0
2021-03-01,1495.3,8.75,0
2021-03-02,1518.94,8.55,0
2021-03-03,1554.93,8.14,0
2021-03-04,1535.37,10.26,0
2021-03-05,1529.04,10.95,0
2021-03-06,1415.28,11.0,0
2021-03-07,1404.02,12.28,0
2021-03-08,1482.86,11.09,0
2021-03-09,1533.31,9.93,0
2021-03-10,1531.48,9.99,0
2021-03-11,1544.1,9.71,0
2021-03-12,1512.09,11.39,0
2021-03-13,1386.55,9.69,0
2021-03-14,1390.84,10.58,0
2021-03-15,1461.46,12.27,0
2021-03-16,1468.61,12.28,0
2021-03-17,1446.07,15.67,0
2021-03-18,1463.06,14.62,0
2021-03-19,1478.39,10.98,0
2021-03-20,1367.35,11.86,0
2021-03-21,1373.66,11.69,0
2021-03-22,1457.8,12.85,0
2021-03-23,1476.98,12.97,0
2021-03-24,1511.88,13.53,0
2021-03-25,1508.33,15.83,0
2021-03-26,1474.04,17.02,0
2021-03-27,1369.37,18.0,0
2021-03-28,1384.11,17.81,0
2021-03-29,1450.77,18.07,0
2021-03-30,1469.23,15.83,0
2021-03-31,1449.99,15.23,0
2021-04-01,1493.82,15.93,0
2021-04-02,1480.76,19.36,0
2021-04-03,1390.05,20.98,0
2021-04-04,1383.74,21.81,0
2021-04-05,1472.75,19.63,0
2021-04-06,1460.05,18.14,0
2021-04-07,1464.58,18.06,0
2021-04-08,1459.31,19.3,0
2021-04-09,1459.39,18.8,0
2021-04-10,1359.22,16.85,0
2021-04-11,1368.46,20.48,0
2021-04-12,1463.78,18.36,0
2021-04-13,1480.47,18.29,0
2021-04-14,1487.39,17.62,0
2021-04-15,1455.2,18.83,0
2021-04-16,1470.16,18.9,0
2021-04-17,1386.21,19.51,0
2021-04-18,1375.96,18.42,0
2021-04-19,1488.98,18.87,0
2021-04-20,1507.63,19.25,0
2021-04-21,1498.0,19.56,0
2021-04-22,1481.61,17.92,0
2021-04-23,1502.2,18.1,0
2021-04-24,1416.44,21.84,0
2021-04-25,1380.81,22.82,0
2021-04-26,1523.59,25.08,0
2021-04-27,1530.99,23.86,0
2021-04-28,1486.88,19.43,0
2021-04-29,1494.86,18.21,0
2021-04-30,1493.34,19.99,0
2021-05-01,1213.37,18.0,1
2021-05-02,1363.24,19.11,0
2021-05-03,1462.26,17.31,0
2021-05-04,1478.72,15.75,0
2021-05-05,1456.54,17.28,0
2021-05-06,1449.66,17.99,0
2021-05-07,1478.18,17.17,0
2021-05-08,1355.99,16.78,0
2021-05-09,1344.84,19.58,0
2021-05-10,1469.07,20.75,0
2021-05-11,1477.24,20.53,0
2021-05-12,1450.61,19.94,0
2021-05-13,1463.56,18.9,0
2021-05-14,1466.79,18.27,0
2021-05-15,1372.79,22.76,0
2021-05-16,1391.34,22.42,0
2021-05-17,1483.03,24.0,0
2021-05-18,1501.03,21.71,0
2021-05-19,1478.28,19.88,0
2021-05-20,1500.55,21.09,0
2021-05-21,1497.74,21.65,0
2021-05-22,1428.64,23.2,0
2021-05-23,1043.97,23.87,0
2021-05-24,1471.48,23.08,0
2021-05-25,1484.73,20.67,0
2021-05-26,1497.33,23.19,0
2021-05-27,1540.71,25.4,0
2021-05-28,1521.05,26.57,0
2021-05-29,1392.75,24.63,0
2021-05-30,1403.77,23.52,0
2021-05-31,1512.44,24.64,0
2021-06-01,1518.83,23.09,0
2021-06-02,1518.13,24.24,0
2021-06-03,1530.11,23.87,0
2021-06-04,1517.55,24.68,0
2021-06-05,1397.38,23.06,0
2021-06-06,1430.2,24.43,0
2021-06-07,1513.09,26.91,0
2021-06-08,1549.92,28.05,0
2021-06-09,1568.7,30.14,0
2021-06-10,1569.32,28.06,0
2021-06-11,1575.97,25.76,0
2021-06-12,1437.7,25.24,0
2021-06-13,1434.17,27.27,0
2021-06-14,1522.82,27.43,0
2021-06-15,1527.85,25.68,0
2021-06-16,1514.33,23.9,0
2021-06-17,1517.98,24.62,0
2021-06-18,1523.01,23.01,0
2021-06-19,1409.56,26.12,0
2021-06-20,1434.92,29.16,0
2021-06-21,1547.05,29.97,0
2021-06-22,1560.11,27.6,0
2021-06-23,1548.21,28.46,0
2021-06-24,1547.62,28.9,0
2021-06-25,1536.3,27.49,0
2021-06-26,1441.7,27.56,0
2021-06-27,1423.09,24.4,0
2021-06-28,1505.21,24.59,0
2021-06-29,1559.1,25.99,0
2021-06-30,1553.15,25.76,0
2021-07-01,1558.17,25.79,0
2021-07-02,1552.95,26.55,0
2021-07-03,1445.48,26.14,0
2021-07-04,1436.79,26.84,0
2021-07-05,1516.89,25.12,0
2021-07-06,1525.71,26.02,0
2021-07-07,1519.14,26.22,0
2021-07-08,1535.34,27.91,0
2021-07-09,1543.38,28.61,0
2021-07-10,1434.71,30.32,0
2021-07-11,1423.91,32.33,0
2021-07-12,1543.11,32.4,0
2021-07-13,1552.77,32.63,0
2021-07-14,1506.84,27.67,0
2021-07-15,1528.38,27.62,0
2021-07-16,1536.99,26.71,0
2021-07-17,1434.63,27.72,0
2021-07-18,1438.52,26.13,0
2021-07-19,1561.15,28.99,0
2021-07-20,1552.14,27.24,0
2021-07-21,1535.48,26.68,0
2021-07-22,1543.25,26.18,0
2021-07-23,1580.1,29.44,0
2021-07-24,1440.16,29.89,0
2021-07-25,1453.89,30.6,0
2021-07-26,1544.38,29.49,0
2021-07-27,1575.81,31.33,0
2021-07-28,1563.86,28.78,0
2021-07-29,1549.58,29.67,0
2021-07-30,1568.39,29.39,0
2021-07-31,1438.71,27.61,0
2021-08-01,1485.63,29.68,0
2021-08-02,1554.32,27.52,0
2021-08-03,1544.86,28.76,0
2021-08-04,1544.33,28.46,0
2021-08-05,1551.11,29.37,0
2021-08-06,1563.55,30.68,0
2021-08-07,1446.03,28.8,0
2021-08-08,1434.93,27.69,0
2021-08-09,1537.5,27.17,0
2021-08-10,1553.48,25.97,0
2021-08-11,1552.06,28.94,0
2021-08-12,1560.83,29.15,0
2021-08-13,1571.32,26.3,0
2021-08-14,1476.24,26.98,0
2021-08-15,1472.01,27.59,0
2021-08-16,1558.96,26.56,0
2021-08-17,1569.9,23.26,0
2021-08-18,1536.21,24.62,0
2021-08-19,1526.42,24.48,0
2021-08-20,1514.51,25.17,0
2021-08-21,1394.12,24.31,0
2021-08-22,1370.99,21.24,0
2021-08-23,1467.07,23.54,0
2021-08-24,1501.17,26.87,0
2021-08-25,1512.89,27.82,0
2021-08-26,1533.31,29.52,0
2021-08-27,1528.82,28.22,0
2021-08-28,1418.88,27.38,0
2021-08-29,1416.6,24.91,0
2021-08-30,1534.78,26.85,0
2021-08-31,1547.4,26.97,0
2021-09-01,1540.22,25.92,0
2021-09-02,1512.04,26.16,0
2021-09-03,1509.88,24.79,0
2021-09-04,1381.45,22.55,0
2021-09-05,1423.74,23.89,0
2021-09-06,1501.51,22.96,0
2021-09-07,1520.42,21.96,0
2021-09-08,1505.99,19.34,0
2021-09-09,1514.91,20.28,0
2021-09-10,1493.76,19.71,0
2021-09-11,1382.96,20.2,0
2021-09-12,1397.7,19.97,0
2021-09-13,1527.57,24.16,0
2021-09-14,1497.82,24.89,0
2021-09-15,1529.97,20.54,0
2021-09-16,1499.42,19.8,0
2021-09-17,1508.44,22.19,0
2021-09-18,1399.83,21.37,0
2021-09-19,1449.3,22.77,0
2021-09-20,1558.75,23.66,0
2021-09-21,1562.44,23.49,0
2021-09-22,1572.74,23.19,0
2021-09-23,1566.38,23.72,0
2021-09-24,1522.57,23.38,0
2021-09-25,1425.87,21.8,0
2021-09-26,1418.14,18.78,0
2021-09-27,1519.63,18.28,0
2021-09-28,1525.49,20.33,0
2021-09-29,1533.97,20.23,0
2021-09-30,1517.97,20.46,0
2021-10-01,1512.41,21.13,0
2021-10-02,1400.93,19.43,0
2021-10-03,1391.14,19.05,0
2021-10-04,1481.17,21.56,0
2021-10-05,1477.6,18.69,0
2021-10-06,1468.75,18.18,0
2021-10-07,1483.3,18.61,0
2021-10-08,1524.02,17.44,0
2021-10-09,1441.1,14.9,0
2021-10-10,1421.9,14.8,0
2021-10-11,1503.74,16.35,0
2021-10-12,1528.2,13.81,0
2021-10-13,1507.76,18.07,0
2021-10-14,1546.11,17.14,0
2021-10-15,1529.76,17.59,0
2021-10-16,1406.35,18.29,0
2021-10-17,1388.42,19.64,0
2021-10-18,1470.29,16.39,0
2021-10-19,1503.97,14.63,0
2021-10-20,1506.16,15.83,0
2021-10-21,1529.05,15.3,0
2021-10-22,1512.35,20.35,0
2021-10-23,1423.03,21.8,0
2021-10-24,1411.39,19.73,0
2021-10-25,1512.58,19.79,0
2021-10-26,1522.78,21.28,0
2021-10-27,1534.61,20.78,0
2021-10-28,1528.9,21.77,0
2021-10-29,1511.75,21.62,0
2021-10-30,1387.59,18.93,0
2021-10-31,1398.65,17.98,0
2021-11-01,1510.45,15.61,0
2021-11-02,1531.33,15.06,0
2021-11-03,1533.03,14.15,0
2021-11-04,1504.94,14.78,0
2021-11-05,1537.87,13.15,0
2021-11-06,1438.92,12.79,0
2021-11-07,1429.11,14.24,0
2021-11-08,1551.45,12.25,0
2021-11-09,1525.24,13.35,0
2021-11-10,1519.01,14.2,0
2021-11-11,1533.14,12.96,0
2021-11-12,1538.79,14.6,0
2021-11-13,1445.13,13.46,0
2021-11-14,1471.39,13.52,0
2021-11-15,1547.69,14.05,0
2021-11-16,1530.15,13.79,0
2021-11-17,1538.96,12.87,0
2021-11-18,1524.25,13.26,0
2021-11-19,1540.76,12.0,0
2021-11-20,1426.8,11.46,0
2021-11-21,1412.55,12.48,0
2021-11-22,1499.36,14.07,0
2021-11-23,1502.9,15.34,0
2021-11-24,1506.92,17.41,0
2021-11-25,1500.52,16.59,0
2021-11-26,1550.64,15.7,0
2021-11-27,1444.75,13.15,0
2021-11-28,1471.63,9.91,0
2021-11-29,1560.02,9.07,0
2021-11-30,1574.69,10.07,0
2021-12-01,1584.49,10.88,0
2021-12-02,1553.87,12.75,0
2021-12-03,1548.51,10.5,0
2021-12-04,1428.93,10.57,0
2021-12-05,1443.15,10.03,0
2021-12-06,1541.54,10.94,0
2021-12-07,1588.41,10.49,0
2021-12-08,1587.1,11.58,0
2021-12-09,1576.49,8.59,0
2021-12-10,1595.66,3.76,0
2021-12-11,1460.53,4.48,0
2021-12-12,1434.23,5.43,0
2021-12-13,1542.37,7.69,0
2021-12-14,1544.24,9.57,0
2021-12-15,1534.44,11.74,0
2021-12-16,1515.79,10.81,0
2021-12-17,1510.87,10.67,0
2021-12-18,1418.69,9.07,0
2021-12-19,1429.64,9.47,0
2021-12-20,1536.9,11.72,0
2021-12-21,1554.76,12.22,0
2021-12-22,1529.61,12.13,0
2021-12-23,1536.74,9.32,0
2021-12-24,1416.71,11.09,1
2021-12-25,1322.38,11.08,1
2021-12-26,1309.49,11.8,1
2021-12-27,1530.87,10.6,0
2021-12-28,1547.06,12.5,0
2021-12-29,1565.24,8.71,0
2021-12-30,1559.72,8.72,0
2021-12-31,1390.88,9.14,1
2022-01-01,1289.68,9.03,1
2022-01-02,1464.75,7.8,0
2022-01-03,1548.0,8.74,0
2022-01-04,1533.47,12.12,0
2022-01-05,1546.49,10.23,0
2022-01-06,1546.0,9.28,0
2022-01-07,1556.75,10.19,0
2022-01-08,1449.3,8.56,0
2022-01-09,1460.79,7.17,0
2022-01-10,1543.11,8.57,0
2022-01-11,1575.1,8.27,0
2022-01-12,1582.04,6.22,0
2022-01-13,1578.73,7.79,0
2022-01-14,1573.83,9.35,0
2022-01-15,1489.93,7.61,0
2022-01-16,1485.13,9.84,0
2022-01-17,1569.77,7.63,0
2022-01-18,1552.92,8.13,0
2022-01-19,1565.0,7.26,0
2022-01-20,1589.94,6.0,0
2022-01-21,1546.68,9.5,0
2022-01-22,1429.37,8.89,0
2022-01-23,1468.79,7.07,0
2022-01-24,1594.92,4.56,0
2022-01-25,1596.66,5.25,0
2022-01-26,1606.62,4.51,0
2022-01-27,1593.52,5.49,0
2022-01-28,1573.86,7.99,0
2022-01-29,1478.74,6.29,0
2022-01-30,1447.67,8.28,0
2022-01-31,1541.52,8.46,0
2022-02-01,1578.61,7.2,0
2022-02-02,1560.64,9.75,0
2022-02-03,1570.68,9.56,0
2022-02-04,1583.59,4.97,0
2022-02-05,1468.42,7.08,0
2022-02-06,1456.87,8.44,0
2022-02-07,1578.0,9.34,0
2022-02-08,1598.91,9.45,0
2022-02-09,1592.25,9.37,0
2022-02-10,1599.05,9.17,0
2022-02-11,1573.07,9.23,0
2022-02-12,1470.29,9.34,0
2022-02-13,1434.19,11.23,0
2022-02-14,1568.64,9.13,0
2022-02-15,1584.69,8.78,0
2022-02-16,1557.05,10.9,0
2022-02-17,1579.17,10.79,0
2022-02-18,1569.38,11.29,0
2022-02-19,1454.52,12.33,0
2022-02-20,1462.43,11.03,0
2022-02-21,1533.14,14.45,0
2022-02-22,1570.65,12.59,0
2022-02-23,1583.73,11.64,0
2022-02-24,1584.13,9.76,0
2022-02-25,1593.28,10.2,0
2022-02-26,1488.36,10.93,0
2022-02-27,1472.58,11.94,0
2022-02-28,1552.52,11.82,0
2022-03-01,1575.02,11.97,0
2022-03-02,1557.25,12.57,0
2022-03-03,1547.2,12.62,0
2022-03-04,1584.47,8.81,0
2022-03-05,1441.24,10.87,0
2022-03-06,1418.44,11.58,0
2022-03-07,1503.12,12.16,0
2022-03-08,1539.57,13.27,0
2022-03-09,1522.96,14.33,0
2022-03-10,1554.19,12.94,0
2022-03-11,1547.29,13.74,0
2022-03-12,1421.1,14.24,0
2022-03-13,1422.28,15.49,0
2022-03-14,1496.83,15.0,0
2022-03-15,1496.76,16.05,0
2022-03-16,1500.27,14.84,0
2022-03-17,1511.36,15.28,0
2022-03-18,1515.95,14.72,0
2022-03-19,1418.4,12.67,0
2022-03-20,1429.28,12.85,0
2022-03-21,1533.39,13.32,0
2022-03-22,1562.67,9.83,0
2022-03-23,1548.06,13.08,0
2022-03-24,1569.45,13.84,0
2022-03-25,1517.24,14.93,0
2022-03-26,1394.53,13.89,0
2022-03-27,1390.47,15.6,0
2022-03-28,1500.59,17.89,0
2022-03-29,1496.59,17.66,0
2022-03-30,1534.34,19.23,0
2022-03-31,1524.55,19.71,0
2022-04-01,1520.59,21.31,0
2022-04-02,1396.87,19.96,0
2022-04-03,1419.01,19.46,0
2022-04-04,1514.46,20.4,0
2022-04-05,1548.15,17.3,0
2022-04-06,1529.06,17.35,0
2022-04-07,1548.45,19.65,0
2022-04-08,1539.96,19.09,0
2022-04-09,1420.0,19.7,0
2022-04-10,1449.01,21.82,0
2022-04-11,1502.27,20.95,0
2022-04-12,1532.91,20.31,0
2022-04-13,1550.27,20.75,0
2022-04-14,1512.94,19.92,0
2022-04-15,1518.99,17.13,0
2022-04-16,1439.04,16.49,0
2022-04-17,1454.62,17.23,0
2022-04-18,1531.33,16.34,0
2022-04-19,1565.12,16.0,0
2022-04-20,1526.22,14.42,0
2022-04-21,1511.71,16.15,0
2022-04-22,1499.99,16.3,0
2022-04-23,1406.36,17.25,0
2022-04-24,1419.59,16.41,0
2022-04-25,1547.69,20.1,0
2022-04-26,1562.33,20.32,0
2022-04-27,1560.71,20.6,0
2022-04-28,1559.74,19.54,0
2022-04-29,1532.01,18.36,0
2022-04-30,1422.03,21.4,0
2022-05-01,1297.23,22.05,1
2022-05-02,1506.52,21.9,0
2022-05-03,1540.67,22.59,0
2022-05-04,1527.13,19.71,0
2022-05-05,1531.98,19.65,0
2022-05-06,1549.85,21.06,0
2022-05-07,1419.12,20.07,0
2022-05-08,1406.21,19.92,0
2022-05-09,1513.99,21.74,0
2022-05-10,1534.88,21.95,0
2022-05-11,1540.05,21.59,0
2022-05-12,1541.16,22.64,0
2022-05-13,1562.33,23.2,0
2022-05-14,1431.37,22.74,0
2022-05-15,1426.68,22.08,0
2022-05-16,1526.79,20.69,0
2022-05-17,1545.73,20.79,0
2022-05-18,1513.17,19.05,0
2022-05-19,1503.81,17.1,0
2022-05-20,1526.21,18.53,0
2022-05-21,1432.18,21.83,0
2022-05-22,1401.08,20.36,0
2022-05-23,1523.14,24.07,0
2022-05-24,1532.73,23.18,0
2022-05-25,1530.49,24.31,0
2022-05-26,1542.42,26.24,0
2022-05-27,1527.87,23.36,0
2022-05-28,1441.46,25.74,0
2022-05-29,1444.39,25.82,0
2022-05-30,1585.27,27.14,0
2022-05-31,1613.03,28.4,0
2022-06-01,1585.9,28.18,0
2022-06-02,1567.34,26.15,0
2022-06-03,1597.69,27.02,0
2022-06-04,1474.91,25.73,0
2022-06-05,1472.53,25.66,0
2022-06-06,1563.58,24.78,0
2022-06-07,1577.32,26.95,0
2022-06-08,1591.75,29.49,0
2022-06-09,1601.69,29.55,0
2022-06-10,1597.17,30.96,0
2022-06-11,1467.95,26.4,0
2022-06-12,1462.32,25.55,0
2022-06-13,1544.91,24.73,0
2022-06-14,1588.62,26.08,0
2022-06-15,1606.49,26.78,0
2022-06-16,1580.32,23.38,0
2022-06-17,1556.51,21.51,0
2022-06-18,1464.79,23.99,0
2022-06-19,1482.43,26.67,0
2022-06-20,1600.69,26.79,0
2022-06-21,1603.01,29.13,0
2022-06-22,1592.46,25.7,0
2022-06-23,1599.86,26.98,0
2022-06-24,1608.59,27.56,0
2022-06-25,1491.13,28.06,0
2022-06-26,1466.71,24.35,0
2022-06-27,1572.64,27.26,0
2022-06-28,1567.04,27.1,0
2022-06-29,1558.4,25.43,0
2022-06-30,1591.2,27.31,0
2022-07-01,1593.5,27.64,0
2022-07-02,1483.35,26.58,0
2022-07-03,1459.67,26.78,0
2022-07-04,1603.74,29.87,0
2022-07-05,1589.28,28.75,0
2022-07-06,1601.13,28.89,0
2022-07-07,1582.54,28.14,0
2022-07-08,1583.6,28.03,0
2022-07-09,1470.46,28.0,0
2022-07-10,1491.52,29.98,0
2022-07-11,1595.01,27.82,0
2022-07-12,1591.98,25.95,0
2022-07-13,1576.18,25.21,0
2022-07-14,1604.15,28.21,0
2022-07-15,1592.16,25.38,0
2022-07-16,1503.13,26.28,0
2022-07-17,1487.98,24.33,0
2022-07-18,1560.33,23.74,0
2022-07-19,1574.06,27.09,0
2022-07-20,1570.24,25.12,0
2022-07-21,1576.94,26.22,0
2022-07-22,1567.08,25.07,0
2022-07-23,1451.17,25.17,0
2022-07-24,1468.86,28.32,0
2022-07-25,1571.44,28.83,0
2022-07-26,1608.9,28.87,0
2022-07-27,1567.06,26.77,0
2022-07-28,1583.75,26.37,0
2022-07-29,1587.05,25.64,0
2022-07-30,1456.75,24.28,0
2022-07-31,1457.83,26.53,0
2022-08-01,1540.55,26.31,0
2022-08-02,1584.13,27.66,0
2022-08-03,1558.02,27.2,0
2022-08-04,1585.19,25.89,0
2022-08-05,1564.16,24.42,0
2022-08-06,1446.24,24.9,0
2022-08-07,1456.62,23.84,0
2022-08-08,1560.34,25.16,0
2022-08-09,1588.79,28.08,0
2022-08-10,1588.38,26.14,0
2022-08-11,1579.45,24.88,0
2022-08-12,1575.93,24.96,0
2022-08-13,1473.07,27.68,0
2022-08-14,1504.74,27.56,0
2022-08-15,1571.11,26.19,0
2022-08-16,1606.11,28.19,0
2022-08-17,1612.62,27.36,0
2022-08-18,1606.9,25.64,0
2022-08-19,1604.57,24.3,0
2022-08-20,1480.14,24.94,0
2022-08-21,1463.05,26.26,0
2022-08-22,1573.41,27.04,0
2022-08-23,1573.23,23.09,0
2022-08-24,1606.93,25.78,0
2022-08-25,1610.33,25.32,0
2022-08-26,1623.03,25.7,0
2022-08-27,1500.93,26.34,0
2022-08-28,1451.6,22.4,0
2022-08-29,1566.08,26.42,0
2022-08-30,1581.7,27.37,0
2022-08-31,1582.24,25.6,0
2022-09-01,1535.36,19.64,0
2022-09-02,1591.22,24.06,0
2022-09-03,1467.06,21.88,0
2022-09-04,1456.32,21.01,0
2022-09-05,1568.37,20.82,0
2022-09-06,1590.39,22.74,0
2022-09-07,1591.52,23.57,0
2022-09-08,1593.38,24.8,0
2022-09-09,1574.86,22.86,0
2022-09-10,1488.5,24.63,0
2022-09-11,1486.84,25.71,0
2022-09-12,1553.91,23.15,0
2022-09-13,1568.06,23.6,0
2022-09-14,1588.13,23.42,0
2022-09-15,1585.22,23.14,0
2022-09-16,1584.12,22.3,0
2022-09-17,1450.12,22.28,0
2022-09-18,1443.07,20.99,0
2022-09-19,1541.15,22.28,0
2022-09-20,1568.24,19.98,0
2022-09-21,1552.74,18.36,0
2022-09-22,1571.97,20.32,0
2022-09-23,1587.34,19.81,0
2022-09-24,1469.05,21.49,0
2022-09-25,1427.05,20.9,0
2022-09-26,1548.67,18.69,0
2022-09-27,1577.7,14.72,0
2022-09-28,1556.27,17.36,0
2022-09-29,1549.69,18.84,0
2022-09-30,1551.63,21.42,0
2022-10-01,1452.15,20.81,0
2022-10-02,1438.77,18.5,0
2022-10-03,1537.64,20.96,0
2022-10-04,1537.03,19.36,0
2022-10-05,1551.72,19.81,0
2022-10-06,1547.59,19.26,0
2022-10-07,1530.54,18.77,0
2022-10-08,1452.83,18.75,0
2022-10-09,1443.25,16.34,0
2022-10-10,1551.79,14.22,0
2022-10-11,1570.42,12.62,0
2022-10-12,1557.43,12.87,0
2022-10-13,1520.66,16.44,0
2022-10-14,1540.07,16.47,0
2022-10-15,1439.01,18.44,0
2022-10-16,1434.07,19.76,0
2022-10-17,1518.37,19.84,0
2022-10-18,1551.79,20.43,0
2022-10-19,1548.18,16.15,0
2022-10-20,1571.63,15.1,0
2022-10-21,1583.36,13.95,0
2022-10-22,1449.16,16.74,0
2022-10-23,1454.98,15.35,0
2022-10-24,1536.42,16.13,0
2022-10-25,1532.81,18.16,0
2022-10-26,1545.4,16.59,0
2022-10-27,1550.97,16.51,0
2022-10-28,1547.41,16.87,0
2022-10-29,1438.04,15.99,0
2022-10-30,1454.63,14.55,0
2022-10-31,1544.38,15.82,0
2022-11-01,1566.48,14.73,0
2022-11-02,1572.49,14.5,0
2022-11-03,1620.49,14.01,0
2022-11-04,1622.33,13.56,0
2022-11-05,1503.37,13.91,0
2022-11-06,1498.95,11.68,0
2022-11-07,1568.41,15.74,0
2022-11-08,1568.9,17.37,0
2022-11-09,1579.88,16.5,0
2022-11-10,1582.76,16.02,0
2022-11-11,1599.59,14.58,0
2022-11-12,1469.12,15.87,0
2022-11-13,1458.23,14.55,0
2022-11-14,1545.13,14.66,0
2022-11-15,1592.94,12.88,0
2022-11-16,1615.19,9.16,0
2022-11-17,1601.64,8.86,0
2022-11-18,1610.83,9.75,0
2022-11-19,1445.98,14.4,0
2022-11-20,1446.83,12.35,0
2022-11-21,1543.73,9.49,0
2022-11-22,1553.56,11.24,0
2022-11-23,1582.47,10.27,0
2022-11-24,1577.5,9.4,0
2022-11-25,1581.71,10.01,0
2022-11-26,1501.66,6.82,0
2022-11-27,1506.99,9.34,0
2022-11-28,1596.82,7.89,0
2022-11-29,1581.03,12.06,0
2022-11-30,1609.39,11.98,0
2022-12-01,1614.29,11.83,0
2022-12-02,1600.98,12.0,0
2022-12-03,1488.66,10.8,0
2022-12-04,1485.79,11.42,0
2022-12-05,1567.27,11.8,0
2022-12-06,1608.4,9.3,0
2022-12-07,1610.35,8.86,0
2022-12-08,1587.14,11.83,0
2022-12-09,1591.28,11.16,0
2022-12-10,1463.85,10.78,0
2022-12-11,1464.74,10.65,0
2022-12-12,1558.8,13.43,0
2022-12-13,1579.81,13.51,0
2022-12-14,1557.35,13.5,0
2022-12-15,1561.05,13.31,0
2022-12-16,1554.27,14.12,0
2022-12-17,1450.43,15.41,0
2022-12-18,1471.67,13.5,0
2022-12-19,1582.95,10.46,0
2022-12-20,1614.14,9.29,0
2022-12-21,1625.37,7.61,0
2022-12-22,1631.38,7.64,0
2022-12-23,1621.49,7.48,0
2022-12-24,1376.81,5.84,1
2022-12-25,1369.32,8.23,1
2022-12-26,1436.43,8.76,1
2022-12-27,1599.29,8.08,0
2022-12-28,1605.33,7.63,0
2022-12-29,1624.45,6.14,0
2022-12-30,1630.16,5.81,0
2022-12-31,1345.86,9.57,1
2023-01-01,1368.25,8.33,1
2023-01-02,1619.69,8.55,0
2023-01-03,1609.11,8.5,0
2023-01-04,1610.9,7.14,0
2023-01-05,1593.13,9.03,0
2023-01-06,1586.02,9.28,0
2023-01-07,1483.7,9.92,0
2023-01-08,1483.27,8.4,0
2023-01-09,1600.27,7.91,0
2023-01-10,1615.47,9.26,0
2023-01-11,1611.05,11.3,0
2023-01-12,1647.41,9.25,0
2023-01-13,1606.95,10.0,0
2023-01-14,1486.19,11.49,0
2023-01-15,1468.02,11.35,0
2023-01-16,1533.77,13.42,0
2023-01-17,1593.11,10.25,0
2023-01-18,1607.51,9.95,0
2023-01-19,1598.49,9.46,0
2023-01-20,1572.39,9.29,0
2023-01-21,1477.47,10.56,0
2023-01-22,1482.45,11.24,0
2023-01-23,1586.64,9.8,0
2023-01-24,1586.46,11.3,0
2023-01-25,1582.4,9.9,0
2023-01-26,1603.57,8.65,0
2023-01-27,1604.3,9.7,0
2023-01-28,1521.75,6.95,0
2023-01-29,1487.84,10.6,0
2023-01-30,1609.78,9.81,0
2023-01-31,1615.57,12.77,0
2023-02-01,1604.71,14.06,0
2023-02-02,1586.99,12.91,0
2023-02-03,1574.86,11.73,0
2023-02-04,1486.48,10.2,0
2023-02-05,1482.7,9.63,0
2023-02-06,1624.12,9.53,0
2023-02-07,1666.85,8.27,0
2023-02-08,1642.0,9.41,0
2023-02-09,1629.68,10.15,0
2023-02-10,1657.3,7.25,0
2023-02-11,1543.24,6.92,0
2023-02-12,1540.67,7.96,0
2023-02-13,1635.34,6.04,0
2023-02-14,1646.3,5.62,0
2023-02-15,1633.47,8.32,0
2023-02-16,1611.46,7.7,0
2023-02-17,1602.49,10.27,0
2023-02-18,1468.22,12.68,0
2023-02-19,1495.88,13.78,0
2023-02-20,1603.47,12.2,0
2023-02-21,1616.75,9.93,0
2023-02-22,1616.02,8.84,0
2023-02-23,1605.99,11.02,0
2023-02-24,1597.06,11.34,0
2023-02-25,1463.97,13.85,0
2023-02-26,1471.15,12.73,0
2023-02-27,1585.55,10.88,0
2023-02-28,1634.82,10.33,0
2023-03-01,1644.1,10.43,0
2023-03-02,1591.24,11.79,0
2023-03-03,1589.34,10.38,0
2023-03-04,1501.89,8.89,0
2023-03-05,1471.5,12.29,0
2023-03-06,1575.53,14.69,0
2023-03-07,1593.95,12.56,0
2023-03-08,1604.66,10.33,0
2023-03-09,1572.01,12.4,0
2023-03-10,1587.76,10.2,0
2023-03-11,1479.81,10.6,0
2023-03-12,1488.56,9.55,0
2023-03-13,1912.87,11.03,0
2023-03-14,1598.93,12.19,0
2023-03-15,1584.82,14.75,0
2023-03-16,1590.8,14.04,0
2023-03-17,1613.7,14.53,0
2023-03-18,1507.51,13.29,0
2023-03-19,1482.33,14.28,0
2023-03-20,1593.67,12.04,0
2023-03-21,1603.84,11.45,0
2023-03-22,1583.3,13.59,0
2023-03-23,1558.91,15.18,0
2023-03-24,1543.19,16.46,0
2023-03-25,1434.79,17.9,0
2023-03-26,1457.13,14.92,0
2023-03-27,1546.22,15.5,0
2023-03-28,1852.9,15.62,0
2023-03-29,1561.43,16.72,0
2023-03-30,1565.98,17.01,0
2023-03-31,1566.66,19.35,0
2023-04-01,1454.63,18.83,0
2023-04-02,1440.89,16.98,0
2023-04-03,1560.77,13.56,0
2023-04-04,1579.5,14.12,0
2023-04-05,1562.56,15.15,0
2023-04-06,1584.6,14.44,0
2023-04-07,1563.84,16.91,0
2023-04-08,1460.4,19.65,0
2023-04-09,1446.78,17.76,0
2023-04-10,1531.07,15.26,0
2023-04-11,1535.61,16.45,0
2023-04-12,1568.92,15.49,0
2023-04-13,1546.12,15.86,0
2023-04-14,1543.6,17.85,0
2023-04-15,1455.14,16.29,0
2023-04-16,1431.66,18.1,0
2023-04-17,1551.93,16.87,0
2023-04-18,1565.75,19.16,0
2023-04-19,1566.54,18.55,0
2023-04-20,1548.59,18.31,0
2023-04-21,1563.02,16.45,0
2023-04-22,1418.05,17.45,0
2023-04-23,1428.27,18.67,0
2023-04-24,1526.31,18.11,0
2023-04-25,1547.81,18.0,0
2023-04-26,1573.58,19.83,0
2023-04-27,1565.31,19.3,0
2023-04-28,1627.94,24.62,0
2023-04-29,1516.63,24.28,0
2023-04-30,1487.46,20.06,0
2023-05-01,1416.43,18.51,1
2023-05-02,1555.97,20.18,0
2023-05-03,1574.51,20.95,0
2023-05-04,1568.9,20.81,0
2023-05-05,1605.9,23.77,0
2023-05-06,1472.8,22.25,0
2023-05-07,1473.36,21.95,0
2023-05-08,1554.25,21.44,0
2023-05-09,1615.64,23.14,0
2023-05-10,1608.73,25.08,0
2023-05-11,1594.83,22.48,0
2023-05-12,1610.3,21.14,0
2023-05-13,1494.19,20.0,0
2023-05-14,1476.81,21.81,0
2023-05-15,1527.82,19.68,0
2023-05-16,1564.26,19.44,0
2023-05-17,1565.26,21.07,0
2023-05-18,1571.27,21.81,0
2023-05-19,1572.97,20.54,0
2023-05-20,1472.96,21.53,0
2023-05-21,1492.38,22.03,0
2023-05-22,1562.96,21.54,0
2023-05-23,1601.73,24.11,0
2023-05-24,1608.49,23.23,0
2023-05-25,1627.14,24.24,0
2023-05-26,1615.87,20.93,0
2023-05-27,1499.35,21.32,0
2023-05-28,1465.38,19.6,0
2023-05-29,1561.54,20.88,0
2023-05-30,1595.72,22.18,0
2023-05-31,1600.39,21.25,0
2023-06-01,1572.39,21.88,0
2023-06-02,1596.03,23.98,0
2023-06-03,1479.49,24.27,0
2023-06-04,1502.95,24.94,0
2023-06-05,1595.05,26.2,0
2023-06-06,1625.24,25.9,0
2023-06-07,1638.91,26.53,0
2023-06-08,1606.42,24.77,0
2023-06-09,1597.38,22.74,0
2023-06-10,1484.97,23.48,0
2023-06-11,1474.38,23.48,0
2023-06-12,1603.26,24.63,0
2023-06-13,1624.83,24.61,0
2023-06-14,1645.37,25.21,0
2023-06-15,1639.87,27.33,0
2023-06-16,1640.91,27.09,0
2023-06-17,1524.4,25.68,0
2023-06-18,1520.8,25.05,0
2023-06-19,1603.16,23.22,0
2023-06-20,1624.38,24.96,0
2023-06-21,1636.77,27.04,0
2023-06-22,1630.51,23.42,0
2023-06-23,1654.67,25.94,0
2023-06-24,1516.9,26.32,0
2023-06-25,1523.65,26.09,0
2023-06-26,1624.93,25.42,0
2023-06-27,1638.0,23.99,0
2023-06-28,1622.7,22.26,0
2023-06-29,1642.48,25.9,0
2023-06-30,1626.6,26.76,0
2023-07-01,1483.09,24.22,0
2023-07-02,1459.72,22.42,0
2023-07-03,1554.1,24.21,0
2023-07-04,1582.81,24.0,0
2023-07-05,1587.11,23.86,0
2023-07-06,1606.06,26.51,0
2023-07-07,1633.56,29.4,0
2023-07-08,1537.67,29.32,0
2023-07-09,1542.68,28.09,0
2023-07-10,1652.62,29.32,0
2023-07-11,1645.63,30.53,0
2023-07-12,1658.04,28.7,0
2023-07-13,1599.83,26.91,0
2023-07-14,1609.85,25.37,0
2023-07-15,1514.19,28.83,0
2023-07-16,1528.7,28.49,0
2023-07-17,1648.27,28.27,0
2023-07-18,1634.03,27.21,0
2023-07-19,1631.75,27.39,0
2023-07-20,1653.39,26.67,0
2023-07-21,1635.25,26.86,0
2023-07-22,1555.91,28.06,0
2023-07-23,1518.91,25.66,0
2023-07-24,1617.91,29.19,0
2023-07-25,1606.61,27.54,0
2023-07-26,1585.07,25.87,0
2023-07-27,1654.63,28.67,0
2023-07-28,1657.51,29.99,0
2023-07-29,1509.97,28.78,0
2023-07-30,1501.83,26.83,0
2023-07-31,1617.37,26.77,0
2023-08-01,1627.76,25.91,0
2023-08-02,1653.22,26.62,0
2023-08-03,1642.73,25.32,0
2023-08-04,1667.75,29.12,0
2023-08-05,1545.29,28.37,0
2023-08-06,1522.23,28.73,0
2023-08-07,1618.93,27.11,0
2023-08-08,1640.83,26.79,0
2023-08-09,1639.05,29.07,0
2023-08-10,1661.1,29.82,0
2023-08-11,1674.46,29.48,0
2023-08-12,1533.14,28.59,0
2023-08-13,1528.66,28.18,0
2023-08-14,1618.86,25.2,0
2023-08-15,1629.5,23.29,0
2023-08-16,1625.02,21.98,0
2023-08-17,1611.05,23.49,0
2023-08-18,1658.64,25.02,0
2023-08-19,1524.44,25.73,0
2023-08-20,1494.39,25.46,0
2023-08-21,1604.93,26.62,0
2023-08-22,1598.52,24.49,0
2023-08-23,1604.59,24.77,0
2023-08-24,1583.83,23.79,0
2023-08-25,1566.98,21.41,0
2023-08-26,1482.51,21.92,0
2023-08-27,1482.2,22.6,0
2023-08-28,1585.12,24.44,0
2023-08-29,1582.24,21.37,0
2023-08-30,1592.83,22.74,0
2023-08-31,1599.97,22.97,0
2023-09-01,1622.05,23.17,0
2023-09-02,1489.32,22.52,0
2023-09-03,1489.12,23.52,0
2023-09-04,1610.92,25.16,0
2023-09-05,1629.02,22.71,0
2023-09-06,1616.0,25.19,0
2023-09-07,1609.83,23.81,0
2023-09-08,1619.56,23.38,0
2023-09-09,1502.31,21.77,0
2023-09-10,1513.46,22.02,0
2023-09-11,1612.99,23.88,0
2023-09-12,1617.72,24.82,0
2023-09-13,1607.53,24.4,0
2023-09-14,1605.95,24.54,0
2023-09-15,1600.87,23.87,0
2023-09-16,1509.01,23.86,0
2023-09-17,1503.04,22.69,0
2023-09-18,1594.13,21.64,0
2023-09-19,1607.25,22.35,0
2023-09-20,1607.78,23.23,0
2023-09-21,1587.93,19.73,0
2023-09-22,1573.12,19.54,0
2023-09-23,1499.15,22.41,0
2023-09-24,1493.79,23.45,0
2023-09-25,1583.1,22.42,0
2023-09-26,1628.01,21.69,0
2023-09-27,1608.16,20.94,0
2023-09-28,1589.69,19.96,0
2023-09-29,1610.02,21.2,0
2023-09-30,1492.97,19.15,0
2023-10-01,1479.53,20.14,0
2023-10-02,1571.27,18.05,0
2023-10-03,1591.91,19.46,0
2023-10-04,1573.78,18.87,0
2023-10-05,1586.25,18.35,0
2023-10-06,1573.46,17.45,0
2023-10-07,1480.35,20.57,0
2023-10-08,1467.13,18.72,0
2023-10-09,1601.67,17.98,0
2023-10-10,1617.11,19.69,0
2023-10-11,1621.06,21.57,0
2023-10-12,1615.83,24.87,0
2023-10-13,1605.71,22.73,0
2023-10-14,1509.32,22.14,0
2023-10-15,1489.34,21.92,0
2023-10-16,1579.23,21.78,0
2023-10-17,1584.7,21.25,0
2023-10-18,1587.21,20.66,0
2023-10-19,1598.12,20.87,0
2023-10-20,1593.25,19.65,0
2023-10-21,1471.68,19.94,0
2023-10-22,1474.06,16.92,0
2023-10-23,1579.19,18.16,0
2023-10-24,1621.15,20.98,0
2023-10-25,1619.1,21.41,0
2023-10-26,1601.06,19.98,0
2023-10-27,1607.52,19.55,0
2023-10-28,1502.65,17.79,0
2023-10-29,1485.26,16.97,0
2023-10-30,1579.44,15.19,0
2023-10-31,1618.33,12.82,0
2023-11-01,1632.79,15.19,0
2023-11-02,1638.06,14.17,0
2023-11-03,1606.07,14.85,0
2023-11-04,1510.47,14.04,0
2023-11-05,1497.82,15.83,0
2023-11-06,1595.87,15.9,0
2023-11-07,1614.06,16.18,0
2023-11-08,1621.06,13.19,0
2023-11-09,1617.26,12.79,0
2023-11-10,1637.94,10.37,0
2023-11-11,1527.02,13.17,0
2023-11-12,1513.47,11.35,0
2023-11-13,1631.18,7.87,0
2023-11-14,1646.14,10.7,0
2023-11-15,1639.9,10.21,0
2023-11-16,1652.07,11.47,0
2023-11-17,1658.08,11.94,0
2023-11-18,1576.48,10.13,0
2023-11-19,1573.98,9.04,0
2023-11-20,1658.0,9.59,0
2023-11-21,1643.68,11.22,0
2023-11-22,1656.13,10.57,0
2023-11-23,1641.61,12.39,0
2023-11-24,1661.44,11.57,0
2023-11-25,1511.2,13.88,0
2023-11-26,1507.49,13.45,0
2023-11-27,1601.51,12.45,0
2023-11-28,1600.58,13.74,0
2023-11-29,1639.08,10.74,0
2023-11-30,1621.12,10.99,0
2023-12-01,1622.62,13.9,0
2023-12-02,1498.77,15.29,0
2023-12-03,1483.21,15.21,0
2023-12-04,1592.73,14.22,0
2023-12-05,1602.71,13.84,0
2023-12-06,1622.9,12.72,0
2023-12-07,1607.73,12.32,0
2023-12-08,1614.24,11.4,0
2023-12-09,1515.74,9.88,0
2023-12-10,1517.97,11.68,0
2023-12-11,1637.34,8.82,0
2023-12-12,1675.01,9.26,0
2023-12-13,1663.71,7.79,0
2023-12-14,1660.41,8.32,0
2023-12-15,1644.3,8.69,0
2023-12-16,1551.68,6.19,0
2023-12-17,1550.77,6.16,0
2023-12-18,1672.7,6.68,0
2023-12-19,1658.33,8.49,0
2023-12-20,1673.25,8.21,0
2023-12-21,1648.67,10.69,0
2023-12-22,1643.68,11.35,0
2023-12-23,1526.89,11.79,0
2023-12-24,1389.45,9.2,1
2023-12-25,1479.21,9.63,1
2023-12-26,1530.82,7.22,1
2023-12-27,1655.56,8.13,0
2023-12-28,1652.29,9.96,0
2023-12-29,1651.58,11.74,0
2023-12-30,1555.74,10.25,0
2023-12-31,1424.98,8.5,1
2024-01-01,1503.81,11.62,1
2024-01-02,1673.4,9.22,0
2024-01-03,1673.6,8.49,0
2024-01-04,1692.74,7.72,0
2024-01-05,1666.15,9.5,0
2024-01-06,1551.63,10.44,0
2024-01-07,1543.58,10.34,0
2024-01-08,1642.98,8.94,0
2024-01-09,1631.99,12.26,0
2024-01-10,1638.61,11.64,0
2024-01-11,1642.25,9.8,0
2024-01-12,1616.32,10.05,0
2024-01-13,1496.26,11.64,0
2024-01-14,1549.67,9.62,0
2024-01-15,1647.79,9.01,0
2024-01-16,1644.15,10.31,0
2024-01-17,1662.68,7.56,0
2024-01-18,1629.09,9.48,0
2024-01-19,1648.41,8.63,0
2024-01-20,1541.01,9.13,0
2024-01-21,1547.64,9.5,0
2024-01-22,1647.45,10.62,0
2024-01-23,1657.1,10.04,0
2024-01-24,1649.85,8.68,0
2024-01-25,1616.11,9.93,0
2024-01-26,1649.85,8.37,0
2024-01-27,1523.75,10.01,0
2024-01-28,1521.07,10.14,0
2024-01-29,1614.88,11.1,0
2024-01-30,1622.5,10.88,0
2024-01-31,1626.66,11.15,0
2024-02-01,1649.62,7.99,0
2024-02-02,1642.91,9.17,0
2024-02-03,1545.58,9.38,0
2024-02-04,1534.96,9.33,0
2024-02-05,1637.2,6.35,0
2024-02-06,1655.1,9.19,0
2024-02-07,1648.83,8.48,0
2024-02-08,1648.28,8.92,0
2024-02-09,1650.58,10.59,0
2024-02-10,1537.04,10.44,0
2024-02-11,1549.89,8.74,0
2024-02-12,1663.71,8.03,0
2024-02-13,1655.82,8.3,0
2024-02-14,1633.37,11.45,0
2024-02-15,1662.05,8.87,0
2024-02-16,1667.87,5.86,0
2024-02-17,1567.24,5.11,0
2024-02-18,1563.79,7.76,0
2024-02-19,1652.44,5.89,0
2024-02-20,1661.57,8.48,0
2024-02-21,1644.84,9.57,0
2024-02-22,1681.77,5.8,0
2024-02-23,1695.95,5.6,0
2024-02-24,1592.89,5.32,0
2024-02-25,1602.54,8.31,0
2024-02-26,1650.27,10.54,0
2024-02-27,1636.05,12.92,0
2024-02-28,1642.57,10.99,0
2024-02-29,1675.97,9.1,0
2024-03-01,1664.15,9.83,0
2024-03-02,1515.97,11.62,0
2024-03-03,1530.52,9.46,0
2024-03-04,1625.75,10.52,0
2024-03-05,1637.43,15.43,0
2024-03-06,1626.92,15.01,0
2024-03-07,1603.98,16.25,0
2024-03-08,1613.32,16.88,0
2024-03-09,1493.72,17.04,0
2024-03-10,1534.38,14.01,0
2024-03-11,1630.68,14.39,0
2024-03-12,1629.51,14.99,0
2024-03-13,1656.99,12.75,0
2024-03-14,1659.07,12.46,0
2024-03-15,1662.89,12.17,0
2024-03-16,1571.0,11.28,0
2024-03-17,1558.59,11.93,0
2024-03-18,1608.06,15.15,0
2024-03-19,1611.79,16.28,0
2024-03-20,1649.04,12.75,0
2024-03-21,1624.68,14.03,0
2024-03-22,1643.95,12.88,0
2024-03-23,1527.22,12.76,0
2024-03-24,1551.33,8.68,0
2024-03-25,1612.95,12.23,0
2024-03-26,1627.6,13.85,0
2024-03-27,1648.36,12.6,0
2024-03-28,1647.42,14.02,0
2024-03-29,1615.18,17.21,0
2024-03-30,1478.48,17.89,0
2024-03-31,1519.3,14.3,0
2024-04-01,1616.19,15.8,0
2024-04-02,1639.9,17.48,0
2024-04-03,1640.56,17.37,0
2024-04-04,1642.74,16.1,0
2024-04-05,1653.49,13.61,0
2024-04-06,1527.24,17.06,0
2024-04-07,1500.74,16.4,0
2024-04-08,1584.21,16.48,0
2024-04-09,1599.03,17.21,0
2024-04-10,1564.5,17.96,0
2024-04-11,1607.64,16.1,0
2024-04-12,1591.62,17.71,0
2024-04-13,1496.42,15.24,0
2024-04-14,1514.74,15.1,0
2024-04-15,1613.07,16.91,0
2024-04-16,1633.53,15.36,0
2024-04-17,1646.48,17.61,0
2024-04-18,1655.43,19.99,0
2024-04-19,1629.86,17.94,0
2024-04-20,1529.91,17.55,0
2024-04-21,1506.51,18.89,0
2024-04-22,1597.42,16.68,0
2024-04-23,1610.61,17.78,0
2024-04-24,1624.56,16.06,0
2024-04-25,1604.64,18.71,0
2024-04-26,1627.61,18.57,0
2024-04-27,1506.89,15.77,0
2024-04-28,1512.95,15.19,0
2024-04-29,1594.78,15.48,0
2024-04-30,1620.87,15.5,0
2024-05-01,1469.65,16.4,1
2024-05-02,1615.57,19.09,0
2024-05-03,1653.48,20.35,0
2024-05-04,1530.17,18.51,0
2024-05-05,1524.11,17.65,0
2024-05-06,1619.51,19.97,0
2024-05-07,1656.35,21.12,0
2024-05-08,1650.01,21.78,0
2024-05-09,1644.9,24.72,0
2024-05-10,1607.91,22.62,0
2024-05-11,1519.6,22.56,0
2024-05-12,1526.88,19.99,0
2024-05-13,1601.51,17.82,0
2024-05-14,1586.15,19.29,0
2024-05-15,1616.7,19.11,0
2024-05-16,1620.78,19.46,0
2024-05-17,1624.02,19.98,0
2024-05-18,1520.42,22.11,0
2024-05-19,1525.12,23.18,0
2024-05-20,1595.97,21.25,0
2024-05-21,1621.73,21.64,0
2024-05-22,1638.82,22.23,0
2024-05-23,1626.53,20.72,0
2024-05-24,1648.62,22.64,0
2024-05-25,1509.95,22.67,0
2024-05-26,1552.93,26.7,0
2024-05-27,1651.7,26.3,0
2024-05-28,1659.8,24.15,0
2024-05-29,1675.22,28.31,0
2024-05-30,1651.76,27.73,0
2024-05-31,1623.23,25.13,0
2024-06-01,1501.23,22.75,0
2024-06-02,1507.41,22.22,0
2024-06-03,1609.9,21.66,0
2024-06-04,1657.74,24.1,0
2024-06-05,1665.27,22.58,0
2024-06-06,1682.02,23.79,0
2024-06-07,1673.41,24.48,0
2024-06-08,1578.52,26.74,0
2024-06-09,1567.47,24.82,0
2024-06-10,1678.32,25.27,0
2024-06-11,1698.2,25.7,0
2024-06-12,1661.25,24.51,0
2024-06-13,1653.49,23.9,0
2024-06-14,1648.78,23.59,0
2024-06-15,1537.94,24.2,0
2024-06-16,1554.95,25.87,0
2024-06-17,1648.22,26.81,0
2024-06-18,1670.02,24.98,0
2024-06-19,1669.01,24.31,0
2024-06-20,1678.18,24.58,0
2024-06-21,1726.84,26.92,0
2024-06-22,1599.67,25.22,0
2024-06-23,1584.76,28.65,0
2024-06-24,1644.43,27.37,0
2024-06-25,1669.63,29.88,0
2024-06-26,1675.83,29.04,0
2024-06-27,1691.05,27.26,0
2024-06-28,1681.8,26.52,0
2024-06-29,1566.23,25.26,0
2024-06-30,1544.67,24.96,0
2024-07-01,1646.33,24.78,0
2024-07-02,1669.15,26.83,0
2024-07-03,1652.99,25.66,0
2024-07-04,1653.72,27.03,0
2024-07-05,1653.54,26.73,0
2024-07-06,1524.0,26.21,0
2024-07-07,1511.65,24.33,0
2024-07-08,1658.2,27.75,0
2024-07-09,1717.1,29.02,0
2024-07-10,1693.74,28.77,0
2024-07-11,1673.87,29.85,0
2024-07-12,1662.97,25.88,0
2024-07-13,1567.44,27.89,0
2024-07-14,1566.26,27.23,0
2024-07-15,1633.71,24.78,0
2024-07-16,1683.69,26.66,0
2024-07-17,1694.07,25.41,0
2024-07-18,1697.97,29.69,0
2024-07-19,1660.63,28.52,0
2024-07-20,1525.9,28.42,0
2024-07-21,1555.06,27.17,0
2024-07-22,1642.82,29.24,0
2024-07-23,1675.52,29.35,0
2024-07-24,1654.29,27.59,0
2024-07-25,1666.58,27.08,0
2024-07-26,1642.21,24.03,0
2024-07-27,1532.96,23.81,0
2024-07-28,1545.18,22.94,0
2024-07-29,1631.65,22.78,0
2024-07-30,1645.28,24.5,0
2024-07-31,1622.95,26.26,0
2024-08-01,1636.74,24.59,0
2024-08-02,1646.67,25.0,0
2024-08-03,1539.75,26.14,0
2024-08-04,1522.76,24.51,0
2024-08-05,1615.37,24.26,0
2024-08-06,1637.42,23.87,0
2024-08-07,1651.85,25.07,0
2024-08-08,1647.9,24.95,0
2024-08-09,1636.03,23.94,0
2024-08-10,1559.26,24.89,0
2024-08-11,1568.34,25.06,0
2024-08-12,1674.09,26.45,0
2024-08-13,1690.35,28.32,0
2024-08-14,1665.74,27.07,0
2024-08-15,1693.28,29.46,0
2024-08-16,1684.88,27.11,0
2024-08-17,1527.28,24.19,0
2024-08-18,1535.93,23.12,0
2024-08-19,1679.33,26.62,0
2024-08-20,1662.96,23.18,0
2024-08-21,1661.87,25.98,0
2024-08-22,1654.92,23.58,0
2024-08-23,1645.28,22.67,0
2024-08-24,1572.2,22.06,0
2024-08-25,1571.03,23.09,0
2024-08-26,1667.16,24.57,0
2024-08-27,1656.28,23.53,0
2024-08-28,1654.7,23.87,0
2024-08-29,1682.31,26.96,0
2024-08-30,1693.43,27.07,0
2024-08-31,1579.47,23.53,0
2024-09-01,1562.96,23.87,0
2024-09-02,1638.51,21.37,0
2024-09-03,1636.86,21.86,0
2024-09-04,1650.92,23.66,0
2024-09-05,1680.67,25.59,0
2024-09-06,1661.66,24.05,0
2024-09-07,1537.61,22.73,0
2024-09-08,1536.51,24.2,0
2024-09-09,1631.41,23.43,0
2024-09-10,1648.01,23.94,0
2024-09-11,1653.5,24.55,0
2024-09-12,1674.37,26.74,0
2024-09-13,1654.36,23.88,0
2024-09-14,1581.73,24.15,0
2024-09-15,1558.23,23.05,0
2024-09-16,1614.54,21.85,0
2024-09-17,1628.96,23.39,0
2024-09-18,1592.8,19.92,0
2024-09-19,1627.08,21.39,0
2024-09-20,1648.12,22.51,0
2024-09-21,1528.14,19.4,0
2024-09-22,1528.68,20.56,0
2024-09-23,1613.89,21.63,0
2024-09-24,1641.51,20.98,0
2024-09-25,1647.32,21.41,0
2024-09-26,1622.31,19.55,0
2024-09-27,1637.81,22.15,0
2024-09-28,1523.61,20.12,0
2024-09-29,1553.87,21.75,0
2024-09-30,1633.04,19.31,0
2024-10-01,1659.8,17.17,0
2024-10-02,1656.81,19.39,0
2024-10-03,1655.75,18.79,0
2024-10-04,1673.23,21.55,0
2024-10-05,1554.06,21.49,0
2024-10-06,1561.04,18.07,0
2024-10-07,1636.6,17.45,0
2024-10-08,1650.13,16.89,0
2024-10-09,1643.27,19.79,0
2024-10-10,1649.54,18.92,0
2024-10-11,1650.26,17.69,0
2024-10-12,1529.49,16.65,0
2024-10-13,1538.32,20.02,0
2024-10-14,1645.31,20.36,0
2024-10-15,1655.0,17.82,0
2024-10-16,1657.9,18.06,0
2024-10-17,1647.85,17.79,0
2024-10-18,1616.11,17.37,0
2024-10-19,1497.19,18.15,0
2024-10-20,1549.19,20.28,0
2024-10-21,1624.39,19.94,0
2024-10-22,1671.06,22.26,0
2024-10-23,1686.6,22.6,0
2024-10-24,1653.86,21.81,0
2024-10-25,1649.85,21.42,0
2024-10-26,1530.51,18.13,0
2024-10-27,1545.79,16.48,0
2024-10-28,1652.28,16.52,0
2024-10-29,1651.93,16.09,0
2024-10-30,1679.97,15.87,0
2024-10-31,1675.23,17.35,0
2024-11-01,1654.94,17.39,0
2024-11-02,1575.92,14.28,0
2024-11-03,1544.81,14.42,0
2024-11-04,1659.21,12.7,0
2024-11-05,1656.92,12.39,0
2024-11-06,1667.97,10.91,0
2024-11-07,1673.89,9.27,0
2024-11-08,1631.91,13.95,0
2024-11-09,1548.53,12.01,0
2024-11-10,1545.26,14.44,0
2024-11-11,1655.09,12.99,0
2024-11-12,1691.49,12.14,0
2024-11-13,1662.91,13.96,0
2024-11-14,1634.68,13.97,0
2024-11-15,1631.63,11.57,0
2024-11-16,1527.14,12.54,0
2024-11-17,1538.42,11.4,0
2024-11-18,1627.17,13.46,0
2024-11-19,1648.0,15.37,0
2024-11-20,1646.37,12.96,0
2024-11-21,1656.55,11.21,0
2024-11-22,1694.19,10.54,0
2024-11-23,1577.77,9.98,0
2024-11-24,1567.14,10.71,0
2024-11-25,1653.19,11.49,0
2024-11-26,1648.3,11.87,0
2024-11-27,1657.02,13.0,0
2024-11-28,1632.11,14.24,0
2024-11-29,1655.4,14.85,0
2024-11-30,1568.6,13.83,0
2024-12-01,1534.3,15.07,0
2024-12-02,1661.33,14.43,0
2024-12-03,1675.13,11.83,0
2024-12-04,1679.33,12.21,0
2024-12-05,1670.55,12.34,0
2024-12-06,1658.61,13.6,0
2024-12-07,1580.26,11.04,0
2024-12-08,1566.79,11.03,0
2024-12-09,1640.87,13.7,0
2024-12-10,1689.47,11.53,0
2024-12-11,1683.84,12.74,0
2024-12-12,1707.86,9.82,0
2024-12-13,1730.71,9.05,0
2024-12-14,1614.34,9.16,0
2024-12-15,1598.48,9.16,0
2024-12-16,1706.78,7.25,0
2024-12-17,1704.61,8.38,0
2024-12-18,1706.67,8.32,0
2024-12-19,1684.1,10.39,0
2024-12-20,1693.22,9.3,0
2024-12-21,1576.7,8.94,0
2024-12-22,1588.35,8.64,0
2024-12-23,1687.75,8.57,0
2024-12-24,1592.96,6.13,1
2024-12-25,1582.9,5.94,1
2024-12-26,1575.77,7.26,1
2024-12-27,1666.91,10.71,0
2024-12-28,1583.37,10.48,0
2024-12-29,1590.0,9.22,0
2024-12-30,1672.51,9.48,0
2024-12-31,1578.29,9.1,1
